Region,Category,Name,Price,Image URL,Link
USA,Chairs,,199,https://www.ikea.com/us/en/images/products/haegernaes-table-and-4-chairs-antique-stain-pine__1350925_pe951817_s5.jpg?f=xxs,https://www.ikea.com/us/en/p/haegernaes-table-and-4-chairs-antique-stain-pine-70575947/
USA,Chairs,,299,https://www.ikea.com/us/en/images/products/tonstad-sideboard-off-white__1335580_pe947096_s5.jpg?f=xxs,https://www.ikea.com/us/en/p/tonstad-sideboard-off-white-00510006/
USA,Chairs,,40,https://www.ikea.com/us/en/images/products/hauga-chair-white__1336852_pe947477_s5.jpg?f=xxs,https://www.ikea.com/us/en/p/hauga-chair-white-10576718/
USA,Chairs,,160,https://www.ikea.com/us/en/images/products/tossberg-chair-metal-black-gunnared-dark-gray__1360003_pe954328_s5.jpg?f=xxs,https://www.ikea.com/us/en/p/tossberg-chair-metal-black-gunnared-dark-gray-80582645/
USA,Chairs,,460,https://www.ikea.com/us/en/images/products/besta-storage-combination-with-doors-white-hammarsmed-stubbarp-anthracite__1335951_pe947237_s5.jpg?f=xxs,https://www.ikea.com/us/en/p/besta-storage-combination-with-doors-white-hammarsmed-stubbarp-anthracite-s29569341/
USA,Chairs,,79,https://www.ikea.com/us/en/images/products/kallax-shelf-unit-white__0644757_pe702939_s5.jpg?f=xxs,https://www.ikea.com/us/en/p/kallax-shelf-unit-white-80275887/
USA,Chairs,,19,https://www.ikea.com/us/en/images/products/antilop-high-chair-with-tray-white-silver-color__0727481_pe735706_s5.jpg?f=xxs,https://www.ikea.com/us/en/p/antilop-high-chair-with-tray-white-silver-color-s89228434/
USA,Chairs,,79,https://www.ikea.com/us/en/images/products/kallax-shelf-unit-black-brown__0644754_pe702938_s5.jpg?f=xxs,https://www.ikea.com/us/en/p/kallax-shelf-unit-black-brown-20275885/
USA,Chairs,,79,https://www.ikea.com/us/en/images/products/kallax-shelf-unit-white-stained-oak-effect__0459250_pe606049_s5.jpg?f=xxs,https://www.ikea.com/us/en/p/kallax-shelf-unit-white-stained-oak-effect-00324518/
USA,Chairs,,129,https://www.ikea.com/us/en/images/products/kallax-shelf-unit-with-4-inserts-white__0754627_pe747994_s5.jpg?f=xxs,https://www.ikea.com/us/en/p/kallax-shelf-unit-with-4-inserts-white-s59278307/
USA,Chairs,,49,https://www.ikea.com/us/en/images/products/holmerud-side-table-oak-effect__1193662_pe901564_s5.jpg?f=xxs,https://www.ikea.com/us/en/p/holmerud-side-table-oak-effect-40541421/
USA,Chairs,,325,https://www.ikea.com/us/en/images/products/besta-storage-combination-with-doors-white-stained-oak-effect-lappviken-stubbarp-white-stained-oak-effect__0415037_pe574376_s5.jpg?f=xxs,https://www.ikea.com/us/en/p/besta-storage-combination-with-doors-white-stained-oak-effect-lappviken-stubbarp-white-stained-oak-effect-s49139722/
USA,Chairs,,89,https://www.ikea.com/us/en/images/products/kallax-shelf-unit-high-gloss-white__0627096_pe693189_s5.jpg?f=xxs,https://www.ikea.com/us/en/p/kallax-shelf-unit-high-gloss-white-10305741/
USA,Chairs,,99,https://www.ikea.com/us/en/images/products/smastad-bench-with-toy-storage-white-white__0918197_pe786134_s5.jpg?f=xxs,https://www.ikea.com/us/en/p/smastad-bench-with-toy-storage-white-white-s19389152/
USA,Chairs,,89,https://www.ikea.com/us/en/images/products/flisat-childrens-table__0735831_pe740206_s5.jpg?f=xxs,https://www.ikea.com/us/en/p/flisat-childrens-table-50298418/
USA,Chairs,,129,https://www.ikea.com/us/en/images/products/kallax-shelf-unit-with-4-inserts-white-stained-oak-effect__0480295_pe618865_s5.jpg?f=xxs,https://www.ikea.com/us/en/p/kallax-shelf-unit-with-4-inserts-white-stained-oak-effect-s29197572/
USA,Chairs,,199,https://www.ikea.com/us/en/images/products/haegernaes-table-and-4-chairs-antique-stain-pine__1350925_pe951817_s5.jpg?f=xxs,https://www.ikea.com/us/en/p/haegernaes-table-and-4-chairs-antique-stain-pine-70575947/
USA,Tables,,90,https://www.ikea.com/us/en/images/products/alex-drawer-unit-white__0977775_pe813763_s5.jpg?f=xxs,https://www.ikea.com/us/en/p/alex-drawer-unit-white-00473546/
USA,Tables,,219,https://www.ikea.com/us/en/images/products/lagkapten-alex-desk-white__1022432_pe832720_s5.jpg?f=xxs,https://www.ikea.com/us/en/p/lagkapten-alex-desk-white-s99431982/
USA,Tables,,89,https://www.ikea.com/us/en/images/products/micke-desk-white__0736018_pe740345_s5.jpg?f=xxs,https://www.ikea.com/us/en/p/micke-desk-white-80213074/
USA,Tables,,110,https://www.ikea.com/us/en/images/products/alex-drawer-unit-black-brown__0977786_pe813770_s5.jpg?f=xxs,https://www.ikea.com/us/en/p/alex-drawer-unit-black-brown-60473548/
USA,Tables,,129,https://www.ikea.com/us/en/images/products/malm-dressing-table-white__1400013_pe968487_s5.jpg?f=xxs,https://www.ikea.com/us/en/p/malm-dressing-table-white-10203610/
USA,Tables,,39,https://www.ikea.com/us/en/images/products/lagkapten-tabletop-white__0977800_pe813782_s5.jpg?f=xxs,https://www.ikea.com/us/en/p/lagkapten-tabletop-white-40460815/
USA,Tables,,89,https://www.ikea.com/us/en/images/products/micke-desk-white__0736020_pe740347_s5.jpg?f=xxs,https://www.ikea.com/us/en/p/micke-desk-white-90214308/
USA,Tables,,257,https://www.ikea.com/us/en/images/products/lagkapten-alex-desk-white__0976159_pe813052_s5.jpg?f=xxs,https://www.ikea.com/us/en/p/lagkapten-alex-desk-white-s59417619/
USA,Tables,,59,https://www.ikea.com/us/en/images/products/micke-desk-white__0736022_pe740349_s5.jpg?f=xxs,https://www.ikea.com/us/en/p/micke-desk-white-30213076/
USA,Tables,,110,https://www.ikea.com/us/en/images/products/alex-drawer-unit-gray-turquoise__0977774_pe813762_s5.jpg?f=xxs,https://www.ikea.com/us/en/p/alex-drawer-unit-gray-turquoise-30483799/
USA,Tables,,134,https://www.ikea.com/us/en/images/products/lagkapten-alex-desk-white__0977483_pe813612_s5.jpg?f=xxs,https://www.ikea.com/us/en/p/lagkapten-alex-desk-white-s69416817/
USA,Tables,,599,https://www.ikea.com/us/en/images/products/mittzon-focus-workstation-beige-white__1294813_pe935539_s5.jpg?f=xxs,https://www.ikea.com/us/en/p/mittzon-focus-workstation-beige-white-70528183/
USA,Beds,,399,https://www.ikea.com/us/en/images/products/tornviken-kitchen-island-off-white-oak__0736817_pe740760_s5.jpg?f=xxs,https://www.ikea.com/us/en/p/tornviken-kitchen-island-off-white-oak-40391657/
USA,Beds,,9,https://www.ikea.com/us/en/images/products/vesken-cart-white__0832009_pe777548_s5.jpg?f=xxs,https://www.ikea.com/us/en/p/vesken-cart-white-00471222/
USA,Beds,,499,https://www.ikea.com/us/en/images/products/vadholma-kitchen-island-black-oak__0736820_pe740762_s5.jpg?f=xxs,https://www.ikea.com/us/en/p/vadholma-kitchen-island-black-oak-20359154/
USA,Beds,,29,https://www.ikea.com/us/en/images/products/nissafors-utility-cart-black__0672522_pe716744_s5.jpg?f=xxs,https://www.ikea.com/us/en/p/nissafors-utility-cart-black-20399777/
USA,Beds,,27,https://www.ikea.com/us/en/images/products/raskog-utility-cart-white__1366921_pe957210_s5.jpg?f=xxs,https://www.ikea.com/us/en/p/raskog-utility-cart-white-00586789/
USA,Beds,,399,https://www.ikea.com/us/en/images/products/tornviken-kitchen-island-gray-oak__0736816_pe740759_s5.jpg?f=xxs,https://www.ikea.com/us/en/p/tornviken-kitchen-island-gray-oak-80393372/
USA,Beds,,699,https://www.ikea.com/us/en/images/products/rimforsa-work-bench-stainless-steel-bamboo__0660541_pe711112_s5.jpg?f=xxs,https://www.ikea.com/us/en/p/rimforsa-work-bench-stainless-steel-bamboo-60399412/
USA,Beds,,239,https://www.ikea.com/us/en/images/products/resaroe-mobile-drop-leaf-table-w-storage-pine__1323608_pe942782_s5.jpg?f=xxs,https://www.ikea.com/us/en/p/resaroe-mobile-drop-leaf-table-w-storage-pine-20533337/
USA,Beds,,149,https://www.ikea.com/us/en/images/products/bror-utility-cart-black-pine-plywood__0636685_pe697973_s5.jpg?f=xxs,https://www.ikea.com/us/en/p/bror-utility-cart-black-pine-plywood-60333850/
USA,Beds,,39,https://www.ikea.com/us/en/images/products/raskog-utility-cart-white__1366882_pe957173_s5.jpg?f=xxs,https://www.ikea.com/us/en/p/raskog-utility-cart-white-30586783/
USA,Beds,,599,https://www.ikea.com/us/en/images/products/vadholma-kitchen-island-with-rack-black-oak__0605057_pe681596_s5.jpg?f=xxs,https://www.ikea.com/us/en/p/vadholma-kitchen-island-with-rack-black-oak-s59276228/
USA,Beds,,149,https://www.ikea.com/us/en/images/products/foerhoeja-kitchen-cart-birch__0736865_pe740780_s5.jpg?f=xxs,https://www.ikea.com/us/en/p/foerhoeja-kitchen-cart-birch-80035920/
USA,Storage,,199,https://www.ikea.com/us/en/images/products/dyvlinge-swivel-chair-kelinge-green__1205904_pe907276_s5.jpg?f=xxs,https://www.ikea.com/us/en/p/dyvlinge-swivel-chair-kelinge-green-30570838/
USA,Storage,,199,https://www.ikea.com/us/en/images/products/dyvlinge-swivel-chair-kelinge-black__1205899_pe907271_s5.jpg?f=xxs,https://www.ikea.com/us/en/p/dyvlinge-swivel-chair-kelinge-black-80570831/
USA,Storage,,549,https://www.ikea.com/us/en/images/products/kivik-1-seat-sleeper-sofa-tibbleby-beige-gray__1130878_pe877951_s5.jpg?f=xxs,https://www.ikea.com/us/en/p/kivik-1-seat-sleeper-sofa-tibbleby-beige-gray-s29470236/
USA,Storage,,249,https://www.ikea.com/us/en/images/products/ekenaeset-armchair-kilanda-light-beige__1109687_pe870153_s5.jpg?f=xxs,https://www.ikea.com/us/en/p/ekenaeset-armchair-kilanda-light-beige-30533493/
USA,Storage,,249,https://www.ikea.com/us/en/images/products/sotenaes-armchair-hakebo-yellow__1262234_pe926999_s5.jpg?f=xxs,https://www.ikea.com/us/en/p/sotenaes-armchair-hakebo-yellow-90570821/
USA,Storage,,349,https://www.ikea.com/us/en/images/products/strandmon-wing-chair-djuparp-dark-green__0531313_pe647261_s5.jpg?f=xxs,https://www.ikea.com/us/en/p/strandmon-wing-chair-djuparp-dark-green-90359848/
USA,Storage,,479,https://www.ikea.com/us/en/images/products/uppland-armchair-blekinge-white__0818464_pe774419_s5.jpg?f=xxs,https://www.ikea.com/us/en/p/uppland-armchair-blekinge-white-s89384108/
USA,Storage,,299,https://www.ikea.com/us/en/images/products/strandmon-wing-chair-skiftebo-yellow__0325450_pe517970_s5.jpg?f=xxs,https://www.ikea.com/us/en/p/strandmon-wing-chair-skiftebo-yellow-20361897/
USA,Storage,,29,https://www.ikea.com/us/en/images/products/smaskrake-multi-functional-child-chair-table-green__1333199_pe946400_s5.jpg?f=xxs,https://www.ikea.com/us/en/p/smaskrake-multi-functional-child-chair-table-green-30569750/
USA,Storage,,99,https://www.ikea.com/us/en/images/products/ikea-ps-loemsk-swivel-chair-white-red__0726690_pe735385_s5.jpg?f=xxs,https://www.ikea.com/us/en/p/ikea-ps-loemsk-swivel-chair-white-red-10407136/
USA,Storage,,149,https://www.ikea.com/us/en/images/products/poaeng-armchair-birch-veneer-skiftebo-dark-gray__0937014_pe793536_s5.jpg?f=xxs,https://www.ikea.com/us/en/p/poaeng-armchair-birch-veneer-skiftebo-dark-gray-s79388461/
USA,Storage,,219,https://www.ikea.com/us/en/images/products/poaeng-armchair-birch-veneer-gunnared-light-green__1192124_pe900869_s5.jpg?f=xxs,https://www.ikea.com/us/en/p/poaeng-armchair-birch-veneer-gunnared-light-green-s39501906/
USA,Lighting,,69,https://www.ikea.com/us/en/images/products/billy-bookcase-white__0625599_pe692385_s5.jpg?f=xxs,https://www.ikea.com/us/en/p/billy-bookcase-white-00263850/
USA,Lighting,,79,https://www.ikea.com/us/en/images/products/kallax-shelf-unit-white__0644757_pe702939_s5.jpg?f=xxs,https://www.ikea.com/us/en/p/kallax-shelf-unit-white-80275887/
USA,Lighting,,90,https://www.ikea.com/us/en/images/products/alex-drawer-unit-white__0977775_pe813763_s5.jpg?f=xxs,https://www.ikea.com/us/en/p/alex-drawer-unit-white-00473546/
USA,Lighting,,249,https://www.ikea.com/us/en/images/products/storklinta-6-drawer-dresser-white-anchor-unlock-function__1283583_pe932540_s5.jpg?f=xxs,https://www.ikea.com/us/en/p/storklinta-6-drawer-dresser-white-anchor-unlock-function-60561248/
USA,Lighting,,39,https://www.ikea.com/us/en/images/products/billy-bookcase-white__0644260_pe702536_s5.jpg?f=xxs,https://www.ikea.com/us/en/p/billy-bookcase-white-50263838/
USA,Lighting,,219,https://www.ikea.com/us/en/images/products/lagkapten-alex-desk-white__1022432_pe832720_s5.jpg?f=xxs,https://www.ikea.com/us/en/p/lagkapten-alex-desk-white-s99431982/
USA,Lighting,,399,https://www.ikea.com/us/en/images/products/hemnes-8-drawer-dresser-black-brown__0627349_pe693302_s5.jpg?f=xxs,https://www.ikea.com/us/en/p/hemnes-8-drawer-dresser-black-brown-30576190/
USA,Lighting,,99,https://www.ikea.com/us/en/images/products/lack-wall-shelf-unit-white__0246565_pe385541_s5.jpg?f=xxs,https://www.ikea.com/us/en/p/lack-wall-shelf-unit-white-60282186/
USA,Lighting,"15% off all bedframes, discount at checkout
Offer valid from Feb 24, 2025 until Mar 17, 2025
Exclusive IKEA Family offer",399,https://www.ikea.com/us/en/images/products/hemnes-daybed-frame-with-3-drawers-white__1180454_pe896328_s5.jpg?f=xxs,https://www.ikea.com/us/en/p/hemnes-daybed-frame-with-3-drawers-white-30349329/
USA,Lighting,,199,https://www.ikea.com/us/en/images/products/brimnes-wardrobe-with-3-doors-white__1268958_pe928897_s5.jpg?f=xxs,https://www.ikea.com/us/en/p/brimnes-wardrobe-with-3-doors-white-90574800/
USA,Lighting,,69,https://www.ikea.com/us/en/images/products/luktvicker-comforter-set-green__1297976_pe935966_s5.jpg?f=xxs,https://www.ikea.com/us/en/p/luktvicker-comforter-set-green-50577056/
USA,Lighting,,99,https://www.ikea.com/us/en/images/products/rast-6-drawer-dresser-pine__1291249_pe934858_s5.jpg?f=xxs,https://www.ikea.com/us/en/p/rast-6-drawer-dresser-pine-00582164/
UK,Tables,,45,https://www.ikea.com/gb/en/images/products/micke-desk-white__0736022_pe740349_s5.jpg?f=xxs,https://www.ikea.com/gb/en/p/micke-desk-white-30213076/
UK,Tables,,179,https://www.ikea.com/gb/en/images/products/jaervfjaellet-office-chair-with-armrests-glose-black__1009906_pe827773_s5.jpg?f=xxs,https://www.ikea.com/gb/en/p/jaervfjaellet-office-chair-with-armrests-glose-black-20510642/
UK,Tables,,35,https://www.ikea.com/gb/en/images/products/vittsjoe-laptop-table-black-brown-glass__0736023_pe740350_s5.jpg?f=xxs,https://www.ikea.com/gb/en/p/vittsjoe-laptop-table-black-brown-glass-80221352/
UK,Tables,"Previous price: £129
£ 129",99,https://www.ikea.com/gb/en/images/products/alex-desk-white__0977658_pe813725_s5.jpg?f=xxs,https://www.ikea.com/gb/en/p/alex-desk-white-10473555/
UK,Tables,,99,https://www.ikea.com/gb/en/images/products/alex-drawer-unit-with-9-drawers-white__0977781_pe813766_s5.jpg?f=xxs,https://www.ikea.com/gb/en/p/alex-drawer-unit-with-9-drawers-white-90486139/
UK,Tables,,99,https://www.ikea.com/gb/en/images/products/alex-drawer-unit-with-9-drawers-white-stained-oak-effect__0977782_pe813767_s5.jpg?f=xxs,https://www.ikea.com/gb/en/p/alex-drawer-unit-with-9-drawers-white-stained-oak-effect-60473534/
UK,Tables,"Previous price: £129
£ 129",99,https://www.ikea.com/gb/en/images/products/alex-desk-white-stained-oak-effect__0977659_pe813726_s5.jpg?f=xxs,https://www.ikea.com/gb/en/p/alex-desk-white-stained-oak-effect-50473558/
UK,Tables,,179,https://www.ikea.com/gb/en/images/products/jaervfjaellet-office-chair-with-armrests-grann-white__1078845_pe857303_s5.jpg?f=xxs,https://www.ikea.com/gb/en/p/jaervfjaellet-office-chair-with-armrests-grann-white-00521854/
UK,Tables,"Previous price: £179
£ 179",129,https://www.ikea.com/gb/en/images/products/alex-desk-white__0977666_pe813729_s5.jpg?f=xxs,https://www.ikea.com/gb/en/p/alex-desk-white-80483438/
UK,Tables,"Previous price: £179
£ 179",129,https://www.ikea.com/gb/en/images/products/alex-desk-white-stained-oak-effect__0977670_pe813730_s5.jpg?f=xxs,https://www.ikea.com/gb/en/p/alex-desk-white-stained-oak-effect-60473529/
UK,Tables,,89,https://www.ikea.com/gb/en/images/products/malm-dressing-table-white__1400013_pe968487_s5.jpg?f=xxs,https://www.ikea.com/gb/en/p/malm-dressing-table-white-10203610/
UK,Tables,,165,https://www.ikea.com/gb/en/images/products/lagkapten-alex-desk-white__1022432_pe832720_s5.jpg?f=xxs,https://www.ikea.com/gb/en/p/lagkapten-alex-desk-white-s99431982/
UK,Tables,,70,https://www.ikea.com/gb/en/images/products/alex-drawer-unit-white__0977775_pe813763_s5.jpg?f=xxs,https://www.ikea.com/gb/en/p/alex-drawer-unit-white-00473546/
UK,Tables,,75,https://www.ikea.com/gb/en/images/products/micke-desk-white__0736018_pe740345_s5.jpg?f=xxs,https://www.ikea.com/gb/en/p/micke-desk-white-80213074/
UK,Tables,,45,https://www.ikea.com/gb/en/images/products/micke-desk-white__0736022_pe740349_s5.jpg?f=xxs,https://www.ikea.com/gb/en/p/micke-desk-white-30213076/
UK,Tables,,50,https://www.ikea.com/gb/en/images/products/kallax-desk-white__1327543_pe944490_s5.jpg?f=xxs,https://www.ikea.com/gb/en/p/kallax-desk-white-30582445/
UK,Tables,,95,https://www.ikea.com/gb/en/images/products/lagkapten-alex-desk-white__0977483_pe813612_s5.jpg?f=xxs,https://www.ikea.com/gb/en/p/lagkapten-alex-desk-white-s69416817/
UK,Tables,,115,https://www.ikea.com/gb/en/images/products/micke-desk-white__0736576_pe740630_s5.jpg?f=xxs,https://www.ikea.com/gb/en/p/micke-desk-white-s09903014/
UK,Tables,,25,https://www.ikea.com/gb/en/images/products/linnmon-adils-table-white__0737165_pe740925_s5.jpg?f=xxs,https://www.ikea.com/gb/en/p/linnmon-adils-table-white-s29932181/
UK,Tables,,165,https://www.ikea.com/gb/en/images/products/lagkapten-alex-desk-white-stained-oak-effect-white__1022010_pe832396_s5.jpg?f=xxs,https://www.ikea.com/gb/en/p/lagkapten-alex-desk-white-stained-oak-effect-white-s49432026/
UK,Tables,,35,https://www.ikea.com/gb/en/images/products/lagkapten-table-top-white-stained-oak-effect__0977885_pe813907_s5.jpg?f=xxs,https://www.ikea.com/gb/en/p/lagkapten-table-top-white-stained-oak-effect-30460830/
UK,Beds,,8,https://www.ikea.com/gb/en/images/products/vesken-trolley-white__0832009_pe777548_s5.jpg?f=xxs,https://www.ikea.com/gb/en/p/vesken-trolley-white-00471222/
UK,Beds,,329,https://www.ikea.com/gb/en/images/products/tornviken-kitchen-island-off-white-oak__0736817_pe740760_s5.jpg?f=xxs,https://www.ikea.com/gb/en/p/tornviken-kitchen-island-off-white-oak-40391657/
UK,Beds,,35,https://www.ikea.com/gb/en/images/products/raskog-trolley-white__0503386_pe632627_s5.jpg?f=xxs,https://www.ikea.com/gb/en/p/raskog-trolley-white-20382932/
UK,Beds,,30,https://www.ikea.com/gb/en/images/products/nissafors-trolley-black__0672522_pe716744_s5.jpg?f=xxs,https://www.ikea.com/gb/en/p/nissafors-trolley-black-20399777/
UK,Beds,,479,https://www.ikea.com/gb/en/images/products/vadholma-kitchen-island-black-oak__0736820_pe740762_s5.jpg?f=xxs,https://www.ikea.com/gb/en/p/vadholma-kitchen-island-black-oak-20359154/
UK,Beds,,25,https://www.ikea.com/gb/en/images/products/raskog-trolley-white__1366921_pe957210_s5.jpg?f=xxs,https://www.ikea.com/gb/en/p/raskog-trolley-white-00586789/
UK,Beds,,8,https://www.ikea.com/gb/en/images/products/vesken-trolley-black__0832005_pe777545_s5.jpg?f=xxs,https://www.ikea.com/gb/en/p/vesken-trolley-black-60471224/
UK,Beds,,329,https://www.ikea.com/gb/en/images/products/tornviken-kitchen-island-grey-oak__0736816_pe740759_s5.jpg?f=xxs,https://www.ikea.com/gb/en/p/tornviken-kitchen-island-grey-oak-80393372/
UK,Beds,,17,https://www.ikea.com/gb/en/images/products/hornavan-trolley-white__0169887_pe325984_s5.jpg?f=xxs,https://www.ikea.com/gb/en/p/hornavan-trolley-white-70243873/
UK,Beds,,25,https://www.ikea.com/gb/en/images/products/raskog-trolley-grey-green__1366914_pe957203_s5.jpg?f=xxs,https://www.ikea.com/gb/en/p/raskog-trolley-grey-green-50591769/
UK,Beds,,25,https://www.ikea.com/gb/en/images/products/raskog-trolley-grey-blue__1366913_pe957202_s5.jpg?f=xxs,https://www.ikea.com/gb/en/p/raskog-trolley-grey-blue-10591766/
UK,Storage,,179,https://www.ikea.com/gb/en/images/products/ekenaeset-armchair-kilanda-light-beige__1109687_pe870153_s5.jpg?f=xxs,https://www.ikea.com/gb/en/p/ekenaeset-armchair-kilanda-light-beige-50533492/
UK,Storage,,250,https://www.ikea.com/gb/en/images/products/strandmon-wing-chair-tallmyra-dark-green__0531319_pe647267_s5.jpg?f=xxs,https://www.ikea.com/gb/en/p/strandmon-wing-chair-tallmyra-dark-green-30359846/
UK,Storage,,80,https://www.ikea.com/gb/en/images/products/poaeng-armchair-white-stained-oak-veneer-knisa-light-beige__0681526_pe720135_s5.jpg?f=xxs,https://www.ikea.com/gb/en/p/poaeng-armchair-white-stained-oak-veneer-knisa-light-beige-s89286612/
UK,Storage,,199,https://www.ikea.com/gb/en/images/products/dyvlinge-swivel-armchair-kelinge-green__1205904_pe907276_s5.jpg?f=xxs,https://www.ikea.com/gb/en/p/dyvlinge-swivel-armchair-kelinge-green-50570837/
UK,Storage,,199,https://www.ikea.com/gb/en/images/products/dyvlinge-swivel-armchair-kelinge-black__1205899_pe907271_s5.jpg?f=xxs,https://www.ikea.com/gb/en/p/dyvlinge-swivel-armchair-kelinge-black-00570830/
UK,Storage,,199,https://www.ikea.com/gb/en/images/products/ekenaeset-armchair-kelinge-grey-turquoise__1109684_pe870150_s5.jpg?f=xxs,https://www.ikea.com/gb/en/p/ekenaeset-armchair-kelinge-grey-turquoise-30533488/
UK,Storage,,65,https://www.ikea.com/gb/en/images/products/ikea-ps-loemsk-swivel-armchair-white-red__0726690_pe735385_s5.jpg?f=xxs,https://www.ikea.com/gb/en/p/ikea-ps-loemsk-swivel-armchair-white-red-10407136/
UK,Storage,,229,https://www.ikea.com/gb/en/images/products/strandmon-wing-chair-skiftebo-yellow__0325450_pe517970_s5.jpg?f=xxs,https://www.ikea.com/gb/en/p/strandmon-wing-chair-skiftebo-yellow-40361896/
UK,Storage,,250,https://www.ikea.com/gb/en/images/products/strandmon-wing-chair-kelinge-beige__0950941_pe800821_s5.jpg?f=xxs,https://www.ikea.com/gb/en/p/strandmon-wing-chair-kelinge-beige-40492816/
UK,Storage,,229,https://www.ikea.com/gb/en/images/products/strandmon-wing-chair-vibberbo-black-beige__0761768_pe751434_s5.jpg?f=xxs,https://www.ikea.com/gb/en/p/strandmon-wing-chair-vibberbo-black-beige-80456958/
UK,Storage,,429,https://www.ikea.com/gb/en/images/products/kivik-1-seat-sofa-bed-tibbleby-beige-grey__1130878_pe877951_s5.jpg?f=xxs,https://www.ikea.com/gb/en/p/kivik-1-seat-sofa-bed-tibbleby-beige-grey-s79470234/
UK,Storage,,19,https://www.ikea.com/gb/en/images/products/smaskrake-multi-functional-child-chair-table-green__1333199_pe946400_s5.jpg?f=xxs,https://www.ikea.com/gb/en/p/smaskrake-multi-functional-child-chair-table-green-60569744/
UK,Lighting,,50,https://www.ikea.com/gb/en/images/products/kallax-shelving-unit-white__0644757_pe702939_s5.jpg?f=xxs,https://www.ikea.com/gb/en/p/kallax-shelving-unit-white-80275887/
UK,Lighting,"Regular price: £85
£ 85",75,https://www.ikea.com/gb/en/images/products/kullen-chest-of-6-drawers-white__0651643_pe706985_s5.jpg?f=xxs,https://www.ikea.com/gb/en/p/kullen-chest-of-6-drawers-white-90309245/
UK,Lighting,,89,https://www.ikea.com/gb/en/images/products/malm-dressing-table-white__1400013_pe968487_s5.jpg?f=xxs,https://www.ikea.com/gb/en/p/malm-dressing-table-white-10203610/
UK,Lighting,"Regular price: £179
£ 179",150,https://www.ikea.com/gb/en/images/products/brimnes-wardrobe-with-3-doors-white__0176787_pe329567_s5.jpg?f=xxs,https://www.ikea.com/gb/en/p/brimnes-wardrobe-with-3-doors-white-40407922/
UK,Lighting,,55,https://www.ikea.com/gb/en/images/products/lack-wall-shelf-unit-white__0246565_pe385541_s5.jpg?f=xxs,https://www.ikea.com/gb/en/p/lack-wall-shelf-unit-white-60282186/
UK,Lighting,"Regular price: £115
£ 115",99,https://www.ikea.com/gb/en/images/products/kleppstad-wardrobe-with-3-doors-white__0753594_pe748782_s5.jpg?f=xxs,https://www.ikea.com/gb/en/p/kleppstad-wardrobe-with-3-doors-white-00441758/
UK,Lighting,"Regular price: £99
£ 99",89,https://www.ikea.com/gb/en/images/products/malm-chest-of-4-drawers-white__0484879_pe621344_s5.jpg?f=xxs,https://www.ikea.com/gb/en/p/malm-chest-of-4-drawers-white-30403571/
UK,Lighting,,3,https://www.ikea.com/gb/en/images/products/droena-box-dark-grey__0386600_pe558365_s5.jpg?f=xxs,https://www.ikea.com/gb/en/p/droena-box-dark-grey-10443974/
UK,Lighting,"Regular price: £79
£ 79",65,https://www.ikea.com/gb/en/images/products/kleppstad-wardrobe-with-2-doors-white__0733324_pe748781_s5.jpg?f=xxs,https://www.ikea.com/gb/en/p/kleppstad-wardrobe-with-2-doors-white-80437234/
UK,Lighting,"Regular price: £69
£ 69",62,https://www.ikea.com/gb/en/images/products/kullen-chest-of-5-drawers-white__0393316_pe562524_s5.jpg?f=xxs,https://www.ikea.com/gb/en/p/kullen-chest-of-5-drawers-white-20393662/
UK,Lighting,,165,https://www.ikea.com/gb/en/images/products/lagkapten-alex-desk-white__1022432_pe832720_s5.jpg?f=xxs,https://www.ikea.com/gb/en/p/lagkapten-alex-desk-white-s99431982/
UK,Lighting,"Regular price: £149
£ 149",129,https://www.ikea.com/gb/en/images/products/malm-chest-of-6-drawers-white__0484884_pe621348_s5.jpg?f=xxs,https://www.ikea.com/gb/en/p/malm-chest-of-6-drawers-white-60403584/
Germany,Beds,,29,https://www.ikea.com/de/de/images/products/nissafors-servierwagen-schwarz__0672522_pe716744_s5.jpg?f=xxs,https://www.ikea.com/de/de/p/nissafors-servierwagen-schwarz-20399777/
Germany,Beds,,9,https://www.ikea.com/de/de/images/products/vesken-rollwagen-weiss__0832009_pe777548_s5.jpg?f=xxs,https://www.ikea.com/de/de/p/vesken-rollwagen-weiss-00471222/
Germany,Beds,,349,https://www.ikea.com/de/de/images/products/tornviken-kuecheninsel-elfenbeinweiss-eiche__0736817_pe740760_s5.jpg?f=xxs,https://www.ikea.com/de/de/p/tornviken-kuecheninsel-elfenbeinweiss-eiche-40391657/
Germany,Beds,,29,https://www.ikea.com/de/de/images/products/raskog-servierwagen-weiss__1366921_pe957210_s5.jpg?f=xxs,https://www.ikea.com/de/de/p/raskog-servierwagen-weiss-00586789/
Germany,Beds,,29,https://www.ikea.com/de/de/images/products/raskog-servierwagen-graugruen__1366914_pe957203_s5.jpg?f=xxs,https://www.ikea.com/de/de/p/raskog-servierwagen-graugruen-50591769/
Germany,Beds,,29,https://www.ikea.com/de/de/images/products/nissafors-servierwagen-beige__1264622_pe927346_s5.jpg?f=xxs,https://www.ikea.com/de/de/p/nissafors-servierwagen-beige-40585801/
Germany,Beds,,39,https://www.ikea.com/de/de/images/products/raskog-servierwagen-graublau__1366891_pe957180_s5.jpg?f=xxs,https://www.ikea.com/de/de/p/raskog-servierwagen-graublau-10586784/
Germany,Beds,,29,https://www.ikea.com/de/de/images/products/raskog-servierwagen-schwarz__1365462_pe956341_s5.jpg?f=xxs,https://www.ikea.com/de/de/p/raskog-servierwagen-schwarz-80586790/
Germany,Beds,,39,https://www.ikea.com/de/de/images/products/raskog-servierwagen-graugruen__1365461_pe956340_s5.jpg?f=xxs,https://www.ikea.com/de/de/p/raskog-servierwagen-graugruen-20591662/
Germany,Beds,,29,https://www.ikea.com/de/de/images/products/nissafors-servierwagen-weiss__0914715_pe784257_s5.jpg?f=xxs,https://www.ikea.com/de/de/p/nissafors-servierwagen-weiss-40465733/
Germany,Storage,,179,https://www.ikea.com/de/de/images/products/dyvlinge-drehsessel-kelinge-schwarz__1205899_pe907271_s5.jpg?f=xxs,https://www.ikea.com/de/de/p/dyvlinge-drehsessel-kelinge-schwarz-00555090/
Germany,Storage,,179,https://www.ikea.com/de/de/images/products/strandmon-ohrensessel-nordvalla-dunkelgrau__0325432_pe517964_s5.jpg?f=xxs,https://www.ikea.com/de/de/p/strandmon-ohrensessel-nordvalla-dunkelgrau-20343224/
Germany,Storage,,179,https://www.ikea.com/de/de/images/products/dyvlinge-drehsessel-kelinge-gruen__1205904_pe907276_s5.jpg?f=xxs,https://www.ikea.com/de/de/p/dyvlinge-drehsessel-kelinge-gruen-60555153/
Germany,Storage,"Vorher: 239.00€
239.00€",229,https://www.ikea.com/de/de/images/products/strandmon-sessel-und-hocker-nordvalla-dunkelgrau__1094843_pe863646_s5.jpg?f=xxs,https://www.ikea.com/de/de/p/strandmon-sessel-und-hocker-nordvalla-dunkelgrau-s39483907/
Germany,Storage,,229,https://www.ikea.com/de/de/images/products/strandmon-ohrensessel-kelinge-beige__0950941_pe800821_s5.jpg?f=xxs,https://www.ikea.com/de/de/p/strandmon-ohrensessel-kelinge-beige-10492813/
Germany,Storage,,199,https://www.ikea.com/de/de/images/products/ekenaeset-sessel-eiche-gunnared-beige__1046621_pe843077_s5.jpg?f=xxs,https://www.ikea.com/de/de/p/ekenaeset-sessel-eiche-gunnared-beige-60506898/
Germany,Storage,,299,https://www.ikea.com/de/de/images/products/strandmon-sessel-und-hocker-kelinge-beige__1094845_pe863645_s5.jpg?f=xxs,https://www.ikea.com/de/de/p/strandmon-sessel-und-hocker-kelinge-beige-s79483905/
Germany,Storage,,399,https://www.ikea.com/de/de/images/products/kivik-1er-bettsofa-kelinge-grautuerkis__1130881_pe877955_s5.jpg?f=xxs,https://www.ikea.com/de/de/p/kivik-1er-bettsofa-kelinge-grautuerkis-s19470227/
Germany,Storage,"Vorher: 199.00€
199.00€",179,https://www.ikea.com/de/de/images/products/strandmon-ohrensessel-skiftebo-gelb__0325450_pe517970_s5.jpg?f=xxs,https://www.ikea.com/de/de/p/strandmon-ohrensessel-skiftebo-gelb-90361894/
Germany,Storage,,249,https://www.ikea.com/de/de/images/products/strandmon-ohrensessel-djuparp-dunkelgruen__0531313_pe647261_s5.jpg?f=xxs,https://www.ikea.com/de/de/p/strandmon-ohrensessel-djuparp-dunkelgruen-80359844/
Germany,Storage,,229,https://www.ikea.com/de/de/images/products/strandmon-ohrensessel-gunnared-braunrot__1377883_pe961008_s5.jpg?f=xxs,https://www.ikea.com/de/de/p/strandmon-ohrensessel-gunnared-braunrot-70599509/
Germany,Storage,"Vorher: 249.00€
249.00€",229,https://www.ikea.com/de/de/images/products/strandmon-sessel-und-hocker-skiftebo-gelb__1094844_pe863644_s5.jpg?f=xxs,https://www.ikea.com/de/de/p/strandmon-sessel-und-hocker-skiftebo-gelb-s59483906/
Germany,Lighting,,59,https://www.ikea.com/de/de/images/products/kallax-regal-weiss__0644757_pe702939_s5.jpg?f=xxs,https://www.ikea.com/de/de/p/kallax-regal-weiss-80275887/
Germany,Lighting,"Vorher: 99.00€
99.00€",79,https://www.ikea.com/de/de/images/products/kullen-kommode-mit-6-schubladen-weiss__0651643_pe706985_s5.jpg?f=xxs,https://www.ikea.com/de/de/p/kullen-kommode-mit-6-schubladen-weiss-90309245/
Germany,Lighting,"Vorher: 119.00€
119.00€",99,https://www.ikea.com/de/de/images/products/malm-kommode-mit-4-schubladen-weiss__0484879_pe621344_s5.jpg?f=xxs,https://www.ikea.com/de/de/p/malm-kommode-mit-4-schubladen-weiss-30403571/
Germany,Lighting,,149,https://www.ikea.com/de/de/images/products/brimnes-kleiderschrank-3-tuerig-weiss__0176787_pe329567_s5.jpg?f=xxs,https://www.ikea.com/de/de/p/brimnes-kleiderschrank-3-tuerig-weiss-40407922/
Germany,Lighting,,49,https://www.ikea.com/de/de/images/products/billy-buecherregal-weiss__0625599_pe692385_s5.jpg?f=xxs,https://www.ikea.com/de/de/p/billy-buecherregal-weiss-00263850/
Germany,Lighting,"Vorher: 249.00€
249.00€",199,https://www.ikea.com/de/de/images/products/malm-bettgestell-hoch-mit-2-schubkaesten-weiss__1154393_pe886042_s5.jpg?f=xxs,https://www.ikea.com/de/de/p/malm-bettgestell-hoch-mit-2-schubkaesten-weiss-s59175955/
Germany,Lighting,,39,https://www.ikea.com/de/de/images/products/faergklar-service-18-tlg-hellrosa__1358918_pe953968_s5.jpg?f=xxs,https://www.ikea.com/de/de/p/faergklar-service-18-tlg-hellrosa-00600610/
Germany,Lighting,"Vorher: 179.00€
179.00€",159,https://www.ikea.com/de/de/images/products/malm-kommode-mit-6-schubladen-weiss__0484884_pe621348_s5.jpg?f=xxs,https://www.ikea.com/de/de/p/malm-kommode-mit-6-schubladen-weiss-60403584/
Germany,Lighting,,100,https://www.ikea.com/de/de/images/products/pax-korpus-kleiderschrank-weiss__1164284_pe890498_s5.jpg?f=xxs,https://www.ikea.com/de/de/p/pax-korpus-kleiderschrank-weiss-80458207/
Germany,Lighting,,29,https://www.ikea.com/de/de/images/products/kallax-regal-weiss__0644753_pe702937_s5.jpg?f=xxs,https://www.ikea.com/de/de/p/kallax-regal-weiss-20275814/
Germany,Lighting,,79,https://www.ikea.com/de/de/images/products/alex-schubladenelement-weiss__0977775_pe813763_s5.jpg?f=xxs,https://www.ikea.com/de/de/p/alex-schubladenelement-weiss-00473546/
Germany,Lighting,,69,https://www.ikea.com/de/de/images/products/kleppstad-schrank-mit-2-tueren-weiss__0733324_pe748781_s5.jpg?f=xxs,https://www.ikea.com/de/de/p/kleppstad-schrank-mit-2-tueren-weiss-80437234/
France,Chairs,,29,https://www.ikea.com/fr/fr/images/products/sandsberg-table-noir__1074349_pe856160_s5.jpg?f=xxs,https://www.ikea.com/fr/fr/p/sandsberg-table-noir-s59420400/
France,Chairs,,19,https://www.ikea.com/fr/fr/images/products/oestanoe-chaise-brun-rouge-remmarn-brun-rouge__1120081_pe873713_s5.jpg?f=xxs,https://www.ikea.com/fr/fr/p/oestanoe-chaise-brun-rouge-remmarn-brun-rouge-70526532/
France,Chairs,,5,https://www.ikea.com/fr/fr/images/products/marius-tabouret-noir__0727386_pe735638_s5.jpg?f=xxs,https://www.ikea.com/fr/fr/p/marius-tabouret-noir-10135659/
France,Chairs,,15,https://www.ikea.com/fr/fr/images/products/adde-chaise-blanc__0728280_pe736170_s5.jpg?f=xxs,https://www.ikea.com/fr/fr/p/adde-chaise-blanc-10219178/
France,Chairs,,48,https://www.ikea.com/fr/fr/images/products/sandsberg-table-noir__1074348_pe856162_s5.jpg?f=xxs,https://www.ikea.com/fr/fr/p/sandsberg-table-noir-s29420393/
France,Chairs,,15,https://www.ikea.com/fr/fr/images/products/adde-chaise-noir__0728277_pe736167_s5.jpg?f=xxs,https://www.ikea.com/fr/fr/p/adde-chaise-noir-90214285/
France,Chairs,,12,https://www.ikea.com/fr/fr/images/products/fejan-chaise-exterieur-pliable-blanc__0728344_pe736190_s5.jpg?f=xxs,https://www.ikea.com/fr/fr/p/fejan-chaise-exterieur-pliable-blanc-10255307/
France,Chairs,,40,https://www.ikea.com/fr/fr/images/products/fejan-table-2-chaises-pliantes-exterieur-blanc-blanc__1035546_pe838191_s5.jpg?f=xxs,https://www.ikea.com/fr/fr/p/fejan-table-2-chaises-pliantes-exterieur-blanc-blanc-s59434949/
France,Sofas,,649,https://www.ikea.com/fr/fr/images/products/vimle-canape-3-places-gunnared-beige__0514366_pe639439_s5.jpg?f=xxs,https://www.ikea.com/fr/fr/p/vimle-canape-3-places-gunnared-beige-s19399033/
France,Sofas,,549,https://www.ikea.com/fr/fr/images/products/ektorp-canape-3-places-kilanda-beige-clair__1194853_pe902103_s5.jpg?f=xxs,https://www.ikea.com/fr/fr/p/ektorp-canape-3-places-kilanda-beige-clair-s69509010/
France,Sofas,,649,https://www.ikea.com/fr/fr/images/products/barsloev-canape-3-places-convertible-tibbleby-beige-gris__1213685_pe911212_s5.jpg?f=xxs,https://www.ikea.com/fr/fr/p/barsloev-canape-3-places-convertible-tibbleby-beige-gris-80541589/
France,Sofas,,499,https://www.ikea.com/fr/fr/images/products/kivik-canape-2-places-tibbleby-beige-gris__1056142_pe848270_s5.jpg?f=xxs,https://www.ikea.com/fr/fr/p/kivik-canape-2-places-tibbleby-beige-gris-s09440599/
France,Sofas,,599,https://www.ikea.com/fr/fr/images/products/kivik-canape-3-places-tibbleby-beige-gris__1056144_pe848277_s5.jpg?f=xxs,https://www.ikea.com/fr/fr/p/kivik-canape-3-places-tibbleby-beige-gris-s49440597/
France,Sofas,,849,https://www.ikea.com/fr/fr/images/products/soederhamn-canape-4-places-meridienne-et-sans-accoudoir-fridtuna-beige-clair__1057794_pe848978_s5.jpg?f=xxs,https://www.ikea.com/fr/fr/p/soederhamn-canape-4-places-meridienne-et-sans-accoudoir-fridtuna-beige-clair-s59449700/
France,Sofas,,999,https://www.ikea.com/fr/fr/images/products/vimle-canape-3-places-avec-meridienne-gunnared-beige__0514360_pe639436_s5.jpg?f=xxs,https://www.ikea.com/fr/fr/p/vimle-canape-3-places-avec-meridienne-gunnared-beige-s99399109/
France,Sofas,,599,https://www.ikea.com/fr/fr/images/products/soederhamn-canape-3-places-viarp-beige-brun__0802692_pe768543_s5.jpg?f=xxs,https://www.ikea.com/fr/fr/p/soederhamn-canape-3-places-viarp-beige-brun-s69305697/
France,Sofas,,1 099,https://www.ikea.com/fr/fr/images/products/vimle-canape-4-places-meridienne-gunnared-beige__0514363_pe639433_s5.jpg?f=xxs,https://www.ikea.com/fr/fr/p/vimle-canape-4-places-meridienne-gunnared-beige-s89399483/
France,Sofas,,1 099,https://www.ikea.com/fr/fr/images/products/hyltarp-canape-2-places-convertible-gransel-naturel__1193786_pe901614_s5.jpg?f=xxs,https://www.ikea.com/fr/fr/p/hyltarp-canape-2-places-convertible-gransel-naturel-s29489603/
France,Sofas,,749,https://www.ikea.com/fr/fr/images/products/vretstorp-canape-3-places-convertible-kilanda-beige-clair__1155342_pe886569_s5.jpg?f=xxs,https://www.ikea.com/fr/fr/p/vretstorp-canape-3-places-convertible-kilanda-beige-clair-s79491236/
France,Sofas,,199,https://www.ikea.com/fr/fr/images/products/angersby-canape-2-places-knisa-gris-clair__0770896_pe755642_s5.jpg?f=xxs,https://www.ikea.com/fr/fr/p/angersby-canape-2-places-knisa-gris-clair-10469186/
France,Tables,,24,https://www.ikea.com/fr/fr/images/products/torald-bureau-blanc__1055403_pe847976_s5.jpg?f=xxs,https://www.ikea.com/fr/fr/p/torald-bureau-blanc-90493955/
France,Tables,,19,https://www.ikea.com/fr/fr/images/products/loberget-sibben-chaise-de-bureau-enfant-blanc__0826517_pe776395_s5.jpg?f=xxs,https://www.ikea.com/fr/fr/p/loberget-sibben-chaise-de-bureau-enfant-blanc-s59337670/
France,Tables,,24,https://www.ikea.com/fr/fr/images/products/smaellen-chaise-pivotante-noir__1096271_pe864278_s5.jpg?f=xxs,https://www.ikea.com/fr/fr/p/smaellen-chaise-pivotante-noir-00503435/
France,Tables,,34,https://www.ikea.com/fr/fr/images/products/linnmon-adils-table-blanc__0737165_pe740925_s5.jpg?f=xxs,https://www.ikea.com/fr/fr/p/linnmon-adils-table-blanc-s29932181/
France,Tables,,59,https://www.ikea.com/fr/fr/images/products/huvudspelare-fauteuil-gamer-noir__1039672_pe840417_s5.jpg?f=xxs,https://www.ikea.com/fr/fr/p/huvudspelare-fauteuil-gamer-noir-90507603/
France,Tables,,79,https://www.ikea.com/fr/fr/images/products/trotten-bureau-blanc__1012705_pe828980_s5.jpg?f=xxs,https://www.ikea.com/fr/fr/p/trotten-bureau-blanc-s29424942/
France,Tables,,69,https://www.ikea.com/fr/fr/images/products/flintan-chaise-de-bureau-noir__1007236_pe825956_s5.jpg?f=xxs,https://www.ikea.com/fr/fr/p/flintan-chaise-de-bureau-noir-10489028/
France,Tables,,99,https://www.ikea.com/fr/fr/images/products/alex-caisson-a-tiroirs-blanc__0977775_pe813763_s5.jpg?f=xxs,https://www.ikea.com/fr/fr/p/alex-caisson-a-tiroirs-blanc-00473546/
France,Tables,,129,https://www.ikea.com/fr/fr/images/products/malm-coiffeuse-blanc__1400013_pe968487_s5.jpg?f=xxs,https://www.ikea.com/fr/fr/p/malm-coiffeuse-blanc-10203610/
France,Tables,,89,https://www.ikea.com/fr/fr/images/products/micke-bureau-blanc__0736018_pe740345_s5.jpg?f=xxs,https://www.ikea.com/fr/fr/p/micke-bureau-blanc-80213074/
France,Tables,,227,https://www.ikea.com/fr/fr/images/products/lagkapten-alex-bureau-blanc__1022432_pe832720_s5.jpg?f=xxs,https://www.ikea.com/fr/fr/p/lagkapten-alex-bureau-blanc-s99431982/
France,Tables,,49,https://www.ikea.com/fr/fr/images/products/kallax-bureau-blanc__1327543_pe944490_s5.jpg?f=xxs,https://www.ikea.com/fr/fr/p/kallax-bureau-blanc-30582445/
France,Tables,,29,https://www.ikea.com/fr/fr/images/products/lagkapten-plateau-teinte-blanc-motif-chene__0977801_pe813783_s5.jpg?f=xxs,https://www.ikea.com/fr/fr/p/lagkapten-plateau-teinte-blanc-motif-chene-80460823/
France,Tables,,59,https://www.ikea.com/fr/fr/images/products/micke-bureau-blanc__0736022_pe740349_s5.jpg?f=xxs,https://www.ikea.com/fr/fr/p/micke-bureau-blanc-30213076/
France,Tables,,149,https://www.ikea.com/fr/fr/images/products/micke-bureau-blanc__0736576_pe740630_s5.jpg?f=xxs,https://www.ikea.com/fr/fr/p/micke-bureau-blanc-s09903014/
France,Tables,,99,https://www.ikea.com/fr/fr/images/products/alex-caisson-a-tiroirs-brun-noir__0977786_pe813770_s5.jpg?f=xxs,https://www.ikea.com/fr/fr/p/alex-caisson-a-tiroirs-brun-noir-60473548/
France,Tables,,119,https://www.ikea.com/fr/fr/images/products/micke-bureau-blanc__0736020_pe740347_s5.jpg?f=xxs,https://www.ikea.com/fr/fr/p/micke-bureau-blanc-90214308/
France,Tables,,44,https://www.ikea.com/fr/fr/images/products/lagkapten-plateau-teinte-blanc-motif-chene__0977885_pe813907_s5.jpg?f=xxs,https://www.ikea.com/fr/fr/p/lagkapten-plateau-teinte-blanc-motif-chene-30460830/
France,Tables,,99,https://www.ikea.com/fr/fr/images/products/alex-caisson-a-tiroirs-teinte-blanc-motif-chene__0977777_pe813764_s5.jpg?f=xxs,https://www.ikea.com/fr/fr/p/alex-caisson-a-tiroirs-teinte-blanc-motif-chene-80473547/
France,Beds,,9,https://www.ikea.com/fr/fr/images/products/vesken-chariot-blanc__0832009_pe777548_s5.jpg?f=xxs,https://www.ikea.com/fr/fr/p/vesken-chariot-blanc-00471222/
France,Beds,,24,https://www.ikea.com/fr/fr/images/products/nissafors-desserte-noir__0672522_pe716744_s5.jpg?f=xxs,https://www.ikea.com/fr/fr/p/nissafors-desserte-noir-20399777/
France,Beds,,499,https://www.ikea.com/fr/fr/images/products/tornviken-ilot-pour-cuisine-blanc-casse-chene__0736817_pe740760_s5.jpg?f=xxs,https://www.ikea.com/fr/fr/p/tornviken-ilot-pour-cuisine-blanc-casse-chene-40391657/
France,Beds,,29,https://www.ikea.com/fr/fr/images/products/raskog-desserte-blanc__1366921_pe957210_s5.jpg?f=xxs,https://www.ikea.com/fr/fr/p/raskog-desserte-blanc-00586789/
France,Beds,,24,https://www.ikea.com/fr/fr/images/products/nissafors-desserte-blanc__0914715_pe784257_s5.jpg?f=xxs,https://www.ikea.com/fr/fr/p/nissafors-desserte-blanc-40465733/
France,Beds,,29,https://www.ikea.com/fr/fr/images/products/raskog-desserte-gris-vert__1366914_pe957203_s5.jpg?f=xxs,https://www.ikea.com/fr/fr/p/raskog-desserte-gris-vert-50591769/
France,Beds,,599,https://www.ikea.com/fr/fr/images/products/vadholma-ilot-pour-cuisine-noir-chene__0736820_pe740762_s5.jpg?f=xxs,https://www.ikea.com/fr/fr/p/vadholma-ilot-pour-cuisine-noir-chene-20359154/
France,Beds,,35,https://www.ikea.com/fr/fr/images/products/raskog-norrava-desserte-avec-couvercle-blanc__1380104_pe961615_s5.jpg?f=xxs,https://www.ikea.com/fr/fr/p/raskog-norrava-desserte-avec-couvercle-blanc-s79580765/
France,Beds,,24,https://www.ikea.com/fr/fr/images/products/nissafors-desserte-beige__1264622_pe927346_s5.jpg?f=xxs,https://www.ikea.com/fr/fr/p/nissafors-desserte-beige-40585801/
France,Beds,,29,https://www.ikea.com/fr/fr/images/products/raskog-desserte-bleu-gris__1366913_pe957202_s5.jpg?f=xxs,https://www.ikea.com/fr/fr/p/raskog-desserte-bleu-gris-10591766/
France,Beds,,199,https://www.ikea.com/fr/fr/images/products/resaroe-table-mobile-a-rabat-avec-rangement-pin__1323608_pe942782_s5.jpg?f=xxs,https://www.ikea.com/fr/fr/p/resaroe-table-mobile-a-rabat-avec-rangement-pin-20533337/
France,Storage,,179,https://www.ikea.com/fr/fr/images/products/dyvlinge-fauteuil-pivotant-kelinge-vert__1205904_pe907276_s5.jpg?f=xxs,https://www.ikea.com/fr/fr/p/dyvlinge-fauteuil-pivotant-kelinge-vert-60555153/
France,Storage,,179,https://www.ikea.com/fr/fr/images/products/dyvlinge-fauteuil-pivotant-kelinge-noir__1205899_pe907271_s5.jpg?f=xxs,https://www.ikea.com/fr/fr/p/dyvlinge-fauteuil-pivotant-kelinge-noir-00555090/
France,Storage,,199,https://www.ikea.com/fr/fr/images/products/ekenaeset-fauteuil-kilanda-beige-clair__1109687_pe870153_s5.jpg?f=xxs,https://www.ikea.com/fr/fr/p/ekenaeset-fauteuil-kilanda-beige-clair-90533174/
France,Storage,,79,https://www.ikea.com/fr/fr/images/products/skalboda-fauteuil-orange__1180835_pe896475_s5.jpg?f=xxs,https://www.ikea.com/fr/fr/p/skalboda-fauteuil-orange-40555309/
France,Storage,,79,https://www.ikea.com/fr/fr/images/products/poaeng-fauteuil-plaque-bouleau-knisa-beige-clair__0571500_pe666933_s5.jpg?f=xxs,https://www.ikea.com/fr/fr/p/poaeng-fauteuil-plaque-bouleau-knisa-beige-clair-s39240787/
France,Storage,,199,https://www.ikea.com/fr/fr/images/products/sotenaes-fauteuil-hakebo-jaune__1262234_pe926999_s5.jpg?f=xxs,https://www.ikea.com/fr/fr/p/sotenaes-fauteuil-hakebo-jaune-60555087/
France,Storage,,299,https://www.ikea.com/fr/fr/images/products/strandmon-fauteuil-a-oreilles-nordvalla-gris-fonce__0325432_pe517964_s5.jpg?f=xxs,https://www.ikea.com/fr/fr/p/strandmon-fauteuil-a-oreilles-nordvalla-gris-fonce-20343224/
France,Storage,,249,https://www.ikea.com/fr/fr/images/products/lycksele-loevas-chauffeuse-convertible-ransta-naturel__0949692_pe799951_s5.jpg?f=xxs,https://www.ikea.com/fr/fr/p/lycksele-loevas-chauffeuse-convertible-ransta-naturel-s59386967/
France,Storage,,449,https://www.ikea.com/fr/fr/images/products/kivik-canape-convertible-1-place-tibbleby-beige-gris__1130878_pe877951_s5.jpg?f=xxs,https://www.ikea.com/fr/fr/p/kivik-canape-convertible-1-place-tibbleby-beige-gris-s39470231/
France,Storage,,79,https://www.ikea.com/fr/fr/images/products/poaeng-fauteuil-plaque-chene-blanchi-knisa-beige-clair__0681526_pe720135_s5.jpg?f=xxs,https://www.ikea.com/fr/fr/p/poaeng-fauteuil-plaque-chene-blanchi-knisa-beige-clair-s29286610/
France,Storage,,349,https://www.ikea.com/fr/fr/images/products/strandmon-fauteuil-a-oreilles-kelinge-beige__0950941_pe800821_s5.jpg?f=xxs,https://www.ikea.com/fr/fr/p/strandmon-fauteuil-a-oreilles-kelinge-beige-10492813/
France,Storage,,299,https://www.ikea.com/fr/fr/images/products/strandmon-fauteuil-a-oreilles-vibberbo-noir-beige__0761768_pe751434_s5.jpg?f=xxs,https://www.ikea.com/fr/fr/p/strandmon-fauteuil-a-oreilles-vibberbo-noir-beige-20456956/
France,Lighting,,64,https://www.ikea.com/fr/fr/images/products/kallax-etagere-blanc__0644757_pe702939_s5.jpg?f=xxs,https://www.ikea.com/fr/fr/p/kallax-etagere-blanc-80275887/
France,Lighting,,49,https://www.ikea.com/fr/fr/images/products/billy-bibliotheque-blanc__0625599_pe692385_s5.jpg?f=xxs,https://www.ikea.com/fr/fr/p/billy-bibliotheque-blanc-00263850/
France,Lighting,,189,https://www.ikea.com/fr/fr/images/products/brimnes-cadre-lit-avec-rangement-blanc__1151024_pe884762_s5.jpg?f=xxs,https://www.ikea.com/fr/fr/p/brimnes-cadre-lit-avec-rangement-blanc-s79902935/
France,Lighting,,249,https://www.ikea.com/fr/fr/images/products/brimnes-lit-banquette-2-places-structure-blanc__1161827_pe889528_s5.jpg?f=xxs,https://www.ikea.com/fr/fr/p/brimnes-lit-banquette-2-places-structure-blanc-00228705/
France,Lighting,"Ancien prix: 399€
399€",349,https://www.ikea.com/fr/fr/images/products/hemnes-lit-banquette-2-places-structure-blanc__1180454_pe896328_s5.jpg?f=xxs,https://www.ikea.com/fr/fr/p/hemnes-lit-banquette-2-places-structure-blanc-90349326/
France,Lighting,,99,https://www.ikea.com/fr/fr/images/products/alex-caisson-a-tiroirs-blanc__0977775_pe813763_s5.jpg?f=xxs,https://www.ikea.com/fr/fr/p/alex-caisson-a-tiroirs-blanc-00473546/
France,Lighting,"Ancien prix: 549€
549€",499,https://www.ikea.com/fr/fr/images/products/friheten-canape-convertible-angle-rangement-skiftebo-gris-fonce__0175610_pe328883_s5.jpg?f=xxs,https://www.ikea.com/fr/fr/p/friheten-canape-convertible-angle-rangement-skiftebo-gris-fonce-s39216754/
France,Lighting,,179,https://www.ikea.com/fr/fr/images/products/brimnes-armoire-3-portes-blanc__0176787_pe329567_s5.jpg?f=xxs,https://www.ikea.com/fr/fr/p/brimnes-armoire-3-portes-blanc-40407922/
France,Lighting,,179,https://www.ikea.com/fr/fr/images/products/malm-commode-6-tiroirs-blanc__0484884_pe621348_s5.jpg?f=xxs,https://www.ikea.com/fr/fr/p/malm-commode-6-tiroirs-blanc-60403584/
France,Lighting,,179,https://www.ikea.com/fr/fr/images/products/dyvlinge-fauteuil-pivotant-kelinge-vert__1205904_pe907276_s5.jpg?f=xxs,https://www.ikea.com/fr/fr/p/dyvlinge-fauteuil-pivotant-kelinge-vert-60555153/
France,Lighting,,549,https://www.ikea.com/fr/fr/images/products/friheten-canape-convertible-angle-rangement-faringe-brun-orange__1360635_pe954538_s5.jpg?f=xxs,https://www.ikea.com/fr/fr/p/friheten-canape-convertible-angle-rangement-faringe-brun-orange-s19517041/
France,Lighting,,39,https://www.ikea.com/fr/fr/images/products/kallax-etagere-blanc__0644753_pe702937_s5.jpg?f=xxs,https://www.ikea.com/fr/fr/p/kallax-etagere-blanc-20275814/
Canada,Chairs,,199,https://www.ikea.com/ca/en/images/products/haegernaes-table-and-4-chairs-antique-stain-pine__1350925_pe951817_s5.jpg?f=xxs,https://www.ikea.com/ca/en/p/haegernaes-table-and-4-chairs-antique-stain-pine-70575947/
Canada,Chairs,,"1,119",https://www.ikea.com/ca/en/images/products/ingatorp-ingolf-table-and-6-chairs-white-white__0737452_pe741101_s5.jpg?f=xxs,https://www.ikea.com/ca/en/p/ingatorp-ingolf-table-and-6-chairs-white-white-s19296884/
Canada,Chairs,,109,https://www.ikea.com/ca/en/images/products/sandsberg-adde-table-and-4-chairs-black-black__1016431_pe830392_s5.jpg?f=xxs,https://www.ikea.com/ca/en/p/sandsberg-adde-table-and-4-chairs-black-black-s59429194/
Canada,Chairs,,549,https://www.ikea.com/ca/en/images/products/lisabo-lisabo-table-and-4-chairs-black-black__0921115_pe787669_s5.jpg?f=xxs,https://www.ikea.com/ca/en/p/lisabo-lisabo-table-and-4-chairs-black-black-s19385535/
Canada,Chairs,,279,https://www.ikea.com/ca/en/images/products/laneberg-extendable-table-white__0722925_pe733775_s5.jpg?f=xxs,https://www.ikea.com/ca/en/p/laneberg-extendable-table-white-60416138/
Canada,Chairs,,589,https://www.ikea.com/ca/en/images/products/skogsta-dining-table-acacia-black__0546603_pe656255_s5.jpg?f=xxs,https://www.ikea.com/ca/en/p/skogsta-dining-table-acacia-black-70419264/
Canada,Chairs,,549,https://www.ikea.com/ca/en/images/products/ingatorp-extendable-table-white__0737089_pe740879_s5.jpg?f=xxs,https://www.ikea.com/ca/en/p/ingatorp-extendable-table-white-40217069/
Canada,Chairs,,179,https://www.ikea.com/ca/en/images/products/danderyd-dining-table-black__1198593_pe904133_s5.jpg?f=xxs,https://www.ikea.com/ca/en/p/danderyd-dining-table-black-20568727/
Canada,Chairs,,149,https://www.ikea.com/ca/en/images/products/hauga-table-white-birch-veneer__1350928_pe951816_s5.jpg?f=xxs,https://www.ikea.com/ca/en/p/hauga-table-white-birch-veneer-00576709/
Canada,Chairs,,249,https://www.ikea.com/ca/en/images/products/lisabo-table-black__0737106_pe740884_s5.jpg?f=xxs,https://www.ikea.com/ca/en/p/lisabo-table-black-80382439/
Canada,Chairs,,999,https://www.ikea.com/ca/en/images/products/moerbylanga-table-oak-veneer-brown-stained__0737110_pe740888_s5.jpg?f=xxs,https://www.ikea.com/ca/en/p/moerbylanga-table-oak-veneer-brown-stained-20293766/
Canada,Chairs,,279,https://www.ikea.com/ca/en/images/products/docksta-table-white-white__0803262_pe768820_s5.jpg?f=xxs,https://www.ikea.com/ca/en/p/docksta-table-white-white-s19324995/
Canada,Chairs,,49,https://www.ikea.com/ca/en/images/products/sandsberg-table-black__1074348_pe856162_s5.jpg?f=xxs,https://www.ikea.com/ca/en/p/sandsberg-table-black-s29420393/
Canada,Tables,,129,https://www.ikea.com/ca/en/images/products/alex-drawer-unit-white__0977775_pe813763_s5.jpg?f=xxs,https://www.ikea.com/ca/en/p/alex-drawer-unit-white-00473546/
Canada,Tables,,149,https://www.ikea.com/ca/en/images/products/micke-desk-white__0736018_pe740345_s5.jpg?f=xxs,https://www.ikea.com/ca/en/p/micke-desk-white-80213074/
Canada,Tables,,303,https://www.ikea.com/ca/en/images/products/lagkapten-alex-desk-white__1022432_pe832720_s5.jpg?f=xxs,https://www.ikea.com/ca/en/p/lagkapten-alex-desk-white-s99431982/
Canada,Tables,,169,https://www.ikea.com/ca/en/images/products/malm-dressing-table-white__1400013_pe968487_s5.jpg?f=xxs,https://www.ikea.com/ca/en/p/malm-dressing-table-white-10203610/
Canada,Tables,,75,https://www.ikea.com/ca/en/images/products/kallax-desk-white__1327543_pe944490_s5.jpg?f=xxs,https://www.ikea.com/ca/en/p/kallax-desk-white-30582445/
Canada,Tables,,75,https://www.ikea.com/ca/en/images/products/micke-desk-white__0736022_pe740349_s5.jpg?f=xxs,https://www.ikea.com/ca/en/p/micke-desk-white-30213076/
Canada,Tables,,184,https://www.ikea.com/ca/en/images/products/lagkapten-alex-desk-white__0977483_pe813612_s5.jpg?f=xxs,https://www.ikea.com/ca/en/p/lagkapten-alex-desk-white-s69416817/
Canada,Tables,,129,https://www.ikea.com/ca/en/images/products/alex-drawer-unit-black-brown__0977786_pe813770_s5.jpg?f=xxs,https://www.ikea.com/ca/en/p/alex-drawer-unit-black-brown-60473548/
Canada,Tables,,159,https://www.ikea.com/ca/en/images/products/micke-desk-white__0736020_pe740347_s5.jpg?f=xxs,https://www.ikea.com/ca/en/p/micke-desk-white-90214308/
Canada,Tables,,299,https://www.ikea.com/ca/en/images/products/trotten-desk-sit-stand-white__1020773_pe835553_s5.jpg?f=xxs,https://www.ikea.com/ca/en/p/trotten-desk-sit-stand-white-s79429602/
Canada,Tables,,34,https://www.ikea.com/ca/en/images/products/torald-desk-white__1055403_pe847976_s5.jpg?f=xxs,https://www.ikea.com/ca/en/p/torald-desk-white-90493955/
Canada,Tables,,70,https://www.ikea.com/ca/en/images/products/linnmon-adils-table-white__0737165_pe740925_s5.jpg?f=xxs,https://www.ikea.com/ca/en/p/linnmon-adils-table-white-s29932181/
Canada,Beds,,599,https://www.ikea.com/ca/en/images/products/tornviken-kitchen-island-off-white-oak__0736817_pe740760_s5.jpg?f=xxs,https://www.ikea.com/ca/en/p/tornviken-kitchen-island-off-white-oak-40391657/
Canada,Beds,,12,https://www.ikea.com/ca/en/images/products/vesken-cart-white__0832009_pe777548_s5.jpg?f=xxs,https://www.ikea.com/ca/en/p/vesken-cart-white-00471222/
Canada,Beds,,29,https://www.ikea.com/ca/en/images/products/nissafors-utility-cart-black__0672522_pe716744_s5.jpg?f=xxs,https://www.ikea.com/ca/en/p/nissafors-utility-cart-black-20399777/
Canada,Beds,,799,https://www.ikea.com/ca/en/images/products/vadholma-kitchen-island-black-oak__0736820_pe740762_s5.jpg?f=xxs,https://www.ikea.com/ca/en/p/vadholma-kitchen-island-black-oak-20359154/
Canada,Beds,,39,https://www.ikea.com/ca/en/images/products/raskog-utility-cart-white__1366882_pe957173_s5.jpg?f=xxs,https://www.ikea.com/ca/en/p/raskog-utility-cart-white-30586783/
Canada,Beds,,29,https://www.ikea.com/ca/en/images/products/raskog-utility-cart-white__1366921_pe957210_s5.jpg?f=xxs,https://www.ikea.com/ca/en/p/raskog-utility-cart-white-00586789/
Canada,Beds,,29,https://www.ikea.com/ca/en/images/products/raskog-utility-cart-gray-blue__1366913_pe957202_s5.jpg?f=xxs,https://www.ikea.com/ca/en/p/raskog-utility-cart-gray-blue-10591766/
Canada,Beds,,29,https://www.ikea.com/ca/en/images/products/nissafors-utility-cart-white__0914715_pe784257_s5.jpg?f=xxs,https://www.ikea.com/ca/en/p/nissafors-utility-cart-white-40465733/
Canada,Beds,,299,https://www.ikea.com/ca/en/images/products/resaroe-kitchen-island-d-l-table-w-storage-pine__1323608_pe942782_s5.jpg?f=xxs,https://www.ikea.com/ca/en/p/resaroe-kitchen-island-d-l-table-w-storage-pine-20533337/
Canada,Beds,,199,https://www.ikea.com/ca/en/images/products/bror-utility-cart-black-pine-plywood__0636685_pe697973_s5.jpg?f=xxs,https://www.ikea.com/ca/en/p/bror-utility-cart-black-pine-plywood-60333850/
Canada,Beds,,199,https://www.ikea.com/ca/en/images/products/foerhoeja-kitchen-cart-birch-white__1057905_pe849059_s5.jpg?f=xxs,https://www.ikea.com/ca/en/p/foerhoeja-kitchen-cart-birch-white-80486724/
Canada,Beds,,12,https://www.ikea.com/ca/en/images/products/vesken-cart-black__0832005_pe777545_s5.jpg?f=xxs,https://www.ikea.com/ca/en/p/vesken-cart-black-60471224/
Canada,Storage,,699,https://www.ikea.com/ca/en/images/products/kivik-1-seat-sofa-bed-tibbleby-beige-gray__1130878_pe877951_s5.jpg?f=xxs,https://www.ikea.com/ca/en/p/kivik-1-seat-sofa-bed-tibbleby-beige-gray-s99470233/
Canada,Storage,,119,https://www.ikea.com/ca/en/images/products/poaeng-armchair-birch-veneer-knisa-light-beige__0571500_pe666933_s5.jpg?f=xxs,https://www.ikea.com/ca/en/p/poaeng-armchair-birch-veneer-knisa-light-beige-s49306570/
Canada,Storage,,299,https://www.ikea.com/ca/en/images/products/ekenaeset-armchair-kilanda-light-beige__1109687_pe870153_s5.jpg?f=xxs,https://www.ikea.com/ca/en/p/ekenaeset-armchair-kilanda-light-beige-30533493/
Canada,Storage,,159,https://www.ikea.com/ca/en/images/products/poaeng-armchair-birch-veneer-gunnared-beige__1192140_pe900880_s5.jpg?f=xxs,https://www.ikea.com/ca/en/p/poaeng-armchair-birch-veneer-gunnared-beige-s09501979/
Canada,Storage,,799,https://www.ikea.com/ca/en/images/products/kivik-1-seat-sofa-bed-tresund-light-beige__1130885_pe877959_s5.jpg?f=xxs,https://www.ikea.com/ca/en/p/kivik-1-seat-sofa-bed-tresund-light-beige-s69470239/
Canada,Storage,,249,https://www.ikea.com/ca/en/images/products/ekenaeset-armchair-kelinge-gray-turquoise__1109684_pe870150_s5.jpg?f=xxs,https://www.ikea.com/ca/en/p/ekenaeset-armchair-kelinge-gray-turquoise-90533485/
Canada,Storage,,349,https://www.ikea.com/ca/en/images/products/strandmon-armchair-nordvalla-dark-gray__0325432_pe517964_s5.jpg?f=xxs,https://www.ikea.com/ca/en/p/strandmon-armchair-nordvalla-dark-gray-90359829/
Canada,Storage,,399,https://www.ikea.com/ca/en/images/products/strandmon-armchair-djuparp-dark-green__0531313_pe647261_s5.jpg?f=xxs,https://www.ikea.com/ca/en/p/strandmon-armchair-djuparp-dark-green-90359848/
Canada,Storage,,349,https://www.ikea.com/ca/en/images/products/sotenaes-armchair-hakebo-yellow__1262234_pe926999_s5.jpg?f=xxs,https://www.ikea.com/ca/en/p/sotenaes-armchair-hakebo-yellow-90570821/
Canada,Storage,,189,https://www.ikea.com/ca/en/images/products/poaeng-rocking-chair-birch-veneer-gunnared-light-green__1192262_pe900972_s5.jpg?f=xxs,https://www.ikea.com/ca/en/p/poaeng-rocking-chair-birch-veneer-gunnared-light-green-s29501959/
Canada,Storage,,749,https://www.ikea.com/ca/en/images/products/kivik-1-seat-sofa-bed-kelinge-gray-turquoise__1130881_pe877955_s5.jpg?f=xxs,https://www.ikea.com/ca/en/p/kivik-1-seat-sofa-bed-kelinge-gray-turquoise-s69573237/
Canada,Storage,,29,https://www.ikea.com/ca/en/images/products/smaskrake-multi-functional-child-chair-table-green__1333199_pe946400_s5.jpg?f=xxs,https://www.ikea.com/ca/en/p/smaskrake-multi-functional-child-chair-table-green-30569750/
Canada,Lighting,,99,https://www.ikea.com/ca/en/images/products/kallax-shelf-unit-white__0644757_pe702939_s5.jpg?f=xxs,https://www.ikea.com/ca/en/p/kallax-shelf-unit-white-80275887/
Canada,Lighting,,249,https://www.ikea.com/ca/en/images/products/storklinta-6-drawer-dresser-white-anchor-unlock-function__1283583_pe932540_s5.jpg?f=xxs,https://www.ikea.com/ca/en/p/storklinta-6-drawer-dresser-white-anchor-unlock-function-60561248/
Canada,Lighting,,90,https://www.ikea.com/ca/en/images/products/billy-bookcase-white__0625599_pe692385_s5.jpg?f=xxs,https://www.ikea.com/ca/en/p/billy-bookcase-white-00263850/
Canada,Lighting,,129,https://www.ikea.com/ca/en/images/products/alex-drawer-unit-white__0977775_pe813763_s5.jpg?f=xxs,https://www.ikea.com/ca/en/p/alex-drawer-unit-white-00473546/
Canada,Lighting,,329,https://www.ikea.com/ca/en/images/products/brimnes-wardrobe-with-3-doors-white__1268958_pe928897_s5.jpg?f=xxs,https://www.ikea.com/ca/en/p/brimnes-wardrobe-with-3-doors-white-90574800/
Canada,Lighting,,399,https://www.ikea.com/ca/en/images/products/hemnes-daybed-frame-with-3-drawers-white__1180454_pe896328_s5.jpg?f=xxs,https://www.ikea.com/ca/en/p/hemnes-daybed-frame-with-3-drawers-white-30349329/
Canada,Lighting,,149,https://www.ikea.com/ca/en/images/products/slattum-upholstered-bed-frame-vissle-dark-gray__1259335_pe926650_s5.jpg?f=xxs,https://www.ikea.com/ca/en/p/slattum-upholstered-bed-frame-vissle-dark-gray-40571253/
Canada,Lighting,,59,https://www.ikea.com/ca/en/images/products/kallax-shelf-unit-white__0644753_pe702937_s5.jpg?f=xxs,https://www.ikea.com/ca/en/p/kallax-shelf-unit-white-20275814/
Canada,Lighting,,69,https://www.ikea.com/ca/en/images/products/kallax-shelf-unit-white__0627095_pe693171_s5.jpg?f=xxs,https://www.ikea.com/ca/en/p/kallax-shelf-unit-white-00275848/
Canada,Lighting,,70,https://www.ikea.com/ca/en/images/products/billy-bookcase-white__0644260_pe702536_s5.jpg?f=xxs,https://www.ikea.com/ca/en/p/billy-bookcase-white-50263838/
Canada,Lighting,,199,https://www.ikea.com/ca/en/images/products/storklinta-4-drawer-chest-white-anchor-unlock-function__1283576_pe932558_s5.jpg?f=xxs,https://www.ikea.com/ca/en/p/storklinta-4-drawer-chest-white-anchor-unlock-function-40559289/
Canada,Lighting,,19,https://www.ikea.com/ca/en/images/products/lack-wall-shelf-white__0641087_pe700250_s5.jpg?f=xxs,https://www.ikea.com/ca/en/p/lack-wall-shelf-white-90282180/
Australia,Chairs,,79,https://www.ikea.com/au/en/images/products/sandsberg-adde-table-and-2-chairs-black-black__1016430_pe830391_s5.jpg?f=xxs,https://www.ikea.com/au/en/p/sandsberg-adde-table-and-2-chairs-black-black-s99429192/
Australia,Chairs,,79,https://www.ikea.com/au/en/images/products/taernoe-table-2-chairs-outdoor-black-light-brown-stained__0736028_pe740355_s5.jpg?f=xxs,https://www.ikea.com/au/en/p/taernoe-table-2-chairs-outdoor-black-light-brown-stained-s49898416/
Australia,Chairs,,129,https://www.ikea.com/au/en/images/products/sandsberg-adde-table-and-4-chairs-black-black__1016431_pe830392_s5.jpg?f=xxs,https://www.ikea.com/au/en/p/sandsberg-adde-table-and-4-chairs-black-black-s29429195/
Australia,Chairs,,199,https://www.ikea.com/au/en/images/products/fridnaes-nesting-tables-with-stools-set-of-4-black-birch-effect__1038547_pe839730_s5.jpg?f=xxs,https://www.ikea.com/au/en/p/fridnaes-nesting-tables-with-stools-set-of-4-black-birch-effect-10514382/
Australia,Chairs,,247,https://www.ikea.com/au/en/images/products/pinntorp-stefan-table-and-2-chairs-light-brown-stained-white-stained-white__1258469_pe926342_s5.jpg?f=xxs,https://www.ikea.com/au/en/p/pinntorp-stefan-table-and-2-chairs-light-brown-stained-white-stained-white-s49554999/
Australia,Chairs,,295,https://www.ikea.com/au/en/images/products/ingo-ivar-table-and-4-chairs-pine__0737943_pe741269_s5.jpg?f=xxs,https://www.ikea.com/au/en/p/ingo-ivar-table-and-4-chairs-pine-s19097356/
Australia,Chairs,,327,https://www.ikea.com/au/en/images/products/pinntorp-stefan-table-and-2-chairs-light-brown-stained-white-stained-white__1258467_pe926345_s5.jpg?f=xxs,https://www.ikea.com/au/en/p/pinntorp-stefan-table-and-2-chairs-light-brown-stained-white-stained-white-s49554937/
Australia,Chairs,,25,https://www.ikea.com/au/en/images/products/tjaerlek-glass-multicolour__1353775_pe952312_s5.jpg?f=xxs,https://www.ikea.com/au/en/p/tjaerlek-glass-multicolour-20587090/
Australia,Chairs,,8,https://www.ikea.com/au/en/images/products/braennboll-coaster-cork__1320188_pe941141_s5.jpg?f=xxs,https://www.ikea.com/au/en/p/braennboll-coaster-cork-50586621/
Australia,Chairs,,15,https://www.ikea.com/au/en/images/products/tjaerlek-vase-set-of-3-multicolour__1353780_pe952317_s5.jpg?f=xxs,https://www.ikea.com/au/en/p/tjaerlek-vase-set-of-3-multicolour-50587098/
Australia,Chairs,,99,https://www.ikea.com/au/en/images/products/taernoe-table-2-chairs-outdoor-black-light-brown-stained-foldable-foldable-kuddarna-light-grey-beige__1379452_pe961559_s5.jpg?f=xxs,https://www.ikea.com/au/en/p/taernoe-table-2-chairs-outdoor-black-light-brown-stained-foldable-foldable-kuddarna-light-grey-beige-s39576039/
Australia,Chairs,,4,https://www.ikea.com/au/en/images/products/tjaerlek-place-mat-multicolour__1353787_pe952311_s5.jpg?f=xxs,https://www.ikea.com/au/en/p/tjaerlek-place-mat-multicolour-00587086/
Australia,Chairs,,7,https://www.ikea.com/au/en/images/products/zebrasaev-pendant-lamp-white-plastic__1286742_pe933703_s5.jpg?f=xxs,https://www.ikea.com/au/en/p/zebrasaev-pendant-lamp-white-plastic-50580068/
Australia,Chairs,,19,https://www.ikea.com/au/en/images/products/kaellarhals-vase-orange__1311528_pe940024_s5.jpg?f=xxs,https://www.ikea.com/au/en/p/kaellarhals-vase-orange-00583719/
Australia,Chairs,,6,https://www.ikea.com/au/en/images/products/tjaerlek-egg-cup-yellow__1353783_pe952320_s5.jpg?f=xxs,https://www.ikea.com/au/en/p/tjaerlek-egg-cup-yellow-30587103/
Australia,Chairs,,25,https://www.ikea.com/au/en/images/products/stenfroe-sheer-curtain-1-piece-with-heading-tape-white__1320508_pe941259_s5.jpg?f=xxs,https://www.ikea.com/au/en/p/stenfroe-sheer-curtain-1-piece-with-heading-tape-white-70597708/
Australia,Sofas,,9,https://www.ikea.com/au/en/images/products/roedeby-armrest-tray-bamboo__0976295_pe813137_s5.jpg?f=xxs,https://www.ikea.com/au/en/p/roedeby-armrest-tray-bamboo-50424940/
Australia,Sofas,,15,https://www.ikea.com/au/en/images/products/kjuge-pouffe-with-storage-knisa-dark-grey__1245550_pe921664_s5.jpg?f=xxs,https://www.ikea.com/au/en/p/kjuge-pouffe-with-storage-knisa-dark-grey-70531901/
Australia,Sofas,,159,https://www.ikea.com/au/en/images/products/oestavall-adjustable-coffee-table-black__1213707_pe911231_s5.jpg?f=xxs,https://www.ikea.com/au/en/p/oestavall-adjustable-coffee-table-black-20534153/
Australia,Sofas,,29,https://www.ikea.com/au/en/images/products/humlemott-throw-off-white__1147029_pe883224_s5.jpg?f=xxs,https://www.ikea.com/au/en/p/humlemott-throw-off-white-50549544/
Australia,Sofas,,2,https://www.ikea.com/au/en/images/products/sittbrunn-usb-a-to-usb-c-light-yellow__1118501_pe878580_s5.jpg?f=xxs,https://www.ikea.com/au/en/p/sittbrunn-usb-a-to-usb-c-light-yellow-60539484/
Australia,Sofas,,9,https://www.ikea.com/au/en/images/products/roedeby-armrest-tray-black__0549539_pe657760_s5.jpg?f=xxs,https://www.ikea.com/au/en/p/roedeby-armrest-tray-black-80502941/
Australia,Sofas,,35,https://www.ikea.com/au/en/images/products/oejulf-laptop-support-dark-grey__1167478_pe891586_s5.jpg?f=xxs,https://www.ikea.com/au/en/p/oejulf-laptop-support-dark-grey-70556326/
Australia,Sofas,,2,https://www.ikea.com/au/en/images/products/ikea-365-mug-clear-glass__0713394_pe729487_s5.jpg?f=xxs,https://www.ikea.com/au/en/p/ikea-365-mug-clear-glass-60279725/
Australia,Sofas,,2,https://www.ikea.com/au/en/images/products/ikea-365-coaster-cork__0939604_pe794628_s5.jpg?f=xxs,https://www.ikea.com/au/en/p/ikea-365-coaster-cork-10282947/
Australia,Tables,,119,https://www.ikea.com/au/en/images/products/micke-desk-white__0736018_pe740345_s5.jpg?f=xxs,https://www.ikea.com/au/en/p/micke-desk-white-80354276/
Australia,Tables,,169,https://www.ikea.com/au/en/images/products/alex-desk-white-stained-oak-effect__0977659_pe813726_s5.jpg?f=xxs,https://www.ikea.com/au/en/p/alex-desk-white-stained-oak-effect-90473561/
Australia,Tables,,79,https://www.ikea.com/au/en/images/products/micke-desk-white__0736022_pe740349_s5.jpg?f=xxs,https://www.ikea.com/au/en/p/micke-desk-white-80354281/
Australia,Tables,,29,https://www.ikea.com/au/en/images/products/torald-desk-white__1055403_pe847976_s5.jpg?f=xxs,https://www.ikea.com/au/en/p/torald-desk-white-70493956/
Australia,Tables,,99,https://www.ikea.com/au/en/images/products/lagkapten-olov-desk-black-brown-black__0976130_pe813020_s5.jpg?f=xxs,https://www.ikea.com/au/en/p/lagkapten-olov-desk-black-brown-black-s79417487/
Australia,Tables,,49,https://www.ikea.com/au/en/images/products/linnmon-adils-desk-white-stained-oak-effect-white__0977196_pe813438_s5.jpg?f=xxs,https://www.ikea.com/au/en/p/linnmon-adils-desk-white-stained-oak-effect-white-s59416337/
Australia,Tables,,149,https://www.ikea.com/au/en/images/products/huvudspelare-gaming-desk-beige__1128039_pe876390_s5.jpg?f=xxs,https://www.ikea.com/au/en/p/huvudspelare-gaming-desk-beige-90540626/
Australia,Tables,,129,https://www.ikea.com/au/en/images/products/trotten-desk-white__1012705_pe828980_s5.jpg?f=xxs,https://www.ikea.com/au/en/p/trotten-desk-white-s09424943/
Australia,Tables,,129,https://www.ikea.com/au/en/images/products/trotten-desk-beige-white__1020750_pe831977_s5.jpg?f=xxs,https://www.ikea.com/au/en/p/trotten-desk-beige-white-s29434390/
Australia,Tables,,157,https://www.ikea.com/au/en/images/products/lagkapten-olov-desk-white-stained-oak-effect-white__0976174_pe813063_s5.jpg?f=xxs,https://www.ikea.com/au/en/p/lagkapten-olov-desk-white-stained-oak-effect-white-s19417635/
Australia,Tables,,150,https://www.ikea.com/au/en/images/products/relatera-desk-white__1293269_pe935142_s5.jpg?f=xxs,https://www.ikea.com/au/en/p/relatera-desk-white-s99560083/
Australia,Tables,,59,https://www.ikea.com/au/en/images/products/linnmon-spaend-desk-white-stained-oak-effect-white__1328494_pe944820_s5.jpg?f=xxs,https://www.ikea.com/au/en/p/linnmon-spaend-desk-white-stained-oak-effect-white-s89563869/
Australia,Tables,"Previous price: $349
$ 349",249,https://www.ikea.com/au/en/images/products/gladhoejden-desk-sit-stand-white__1159429_pe888476_s5.jpg?f=xxs,https://www.ikea.com/au/en/p/gladhoejden-desk-sit-stand-white-60493952/
Australia,Tables,"Previous price: $39
$ 39",29,https://www.ikea.com/au/en/images/products/brunbage-led-work-lamp-with-storage-dimmable-turquoise__1149363_pe883977_s5.jpg?f=xxs,https://www.ikea.com/au/en/p/brunbage-led-work-lamp-with-storage-dimmable-turquoise-40550986/
Australia,Tables,"Previous price: $119
$ 119",99,https://www.ikea.com/au/en/images/products/micke-drawer-unit-on-castors-white__0627113_pe693172_s5.jpg?f=xxs,https://www.ikea.com/au/en/p/micke-drawer-unit-on-castors-white-40354283/
Australia,Tables,"Previous price: $349
$ 349",249,https://www.ikea.com/au/en/images/products/gladhoejden-desk-sit-stand-light-grey-anthracite__1159426_pe888475_s5.jpg?f=xxs,https://www.ikea.com/au/en/p/gladhoejden-desk-sit-stand-light-grey-anthracite-00541611/
Australia,Tables,"Previous price: $15
$ 15",12,https://www.ikea.com/au/en/images/products/flottilj-desk-lamp-beige__1177509_pe895347_s5.jpg?f=xxs,https://www.ikea.com/au/en/p/flottilj-desk-lamp-beige-70552309/
Australia,Tables,"Previous price: $119
$ 119",99,https://www.ikea.com/au/en/images/products/micke-drawer-unit-on-castors-black-brown__0627109_pe693185_s5.jpg?f=xxs,https://www.ikea.com/au/en/p/micke-drawer-unit-on-castors-black-brown-60354282/
Australia,Tables,"Previous price: $35
$ 35",25,https://www.ikea.com/au/en/images/products/hagsta-3-way-socket-with-2-usb-ports__0801680_pe768276_s5.jpg?f=xxs,https://www.ikea.com/au/en/p/hagsta-3-way-socket-with-2-usb-ports-40458308/
Australia,Tables,,5,https://www.ikea.com/au/en/images/products/palycke-clip-on-basket__1094034_pe863293_s5.jpg?f=xxs,https://www.ikea.com/au/en/p/palycke-clip-on-basket-50534415/
Australia,Tables,,2,https://www.ikea.com/au/en/images/products/fniss-waste-bin-white__0711299_pe728137_s5.jpg?f=xxs,https://www.ikea.com/au/en/p/fniss-waste-bin-white-00295441/
Australia,Tables,"Previous price: $229
$ 229",199,https://www.ikea.com/au/en/images/products/hovet-mirror-black__1100010_pe866038_s5.jpg?f=xxs,https://www.ikea.com/au/en/p/hovet-mirror-black-50515916/
Australia,Tables,"Previous price: $65
$ 65",55,https://www.ikea.com/au/en/images/products/fridans-block-out-roller-blind-white__0588039_pe672903_s5.jpg?f=xxs,https://www.ikea.com/au/en/p/fridans-block-out-roller-blind-white-50396881/
Australia,Tables,,297,https://www.ikea.com/au/en/images/products/lagkapten-alex-desk-white__1022432_pe832720_s5.jpg?f=xxs,https://www.ikea.com/au/en/p/lagkapten-alex-desk-white-s79431983/
Australia,Tables,,129,https://www.ikea.com/au/en/images/products/alex-drawer-unit-white__0977775_pe813763_s5.jpg?f=xxs,https://www.ikea.com/au/en/p/alex-drawer-unit-white-40473549/
Australia,Tables,,119,https://www.ikea.com/au/en/images/products/micke-desk-white__0736018_pe740345_s5.jpg?f=xxs,https://www.ikea.com/au/en/p/micke-desk-white-80354276/
Australia,Tables,,199,https://www.ikea.com/au/en/images/products/malm-dressing-table-white__1400013_pe968487_s5.jpg?f=xxs,https://www.ikea.com/au/en/p/malm-dressing-table-white-40355409/
Australia,Tables,,189,https://www.ikea.com/au/en/images/products/micke-desk-white__0736576_pe740630_s5.jpg?f=xxs,https://www.ikea.com/au/en/p/micke-desk-white-s09223322/
Australia,Tables,,49,https://www.ikea.com/au/en/images/products/lagkapten-adils-desk-white__0977229_pe813472_s5.jpg?f=xxs,https://www.ikea.com/au/en/p/lagkapten-adils-desk-white-s09416759/
Australia,Tables,,79,https://www.ikea.com/au/en/images/products/micke-desk-white__0736022_pe740349_s5.jpg?f=xxs,https://www.ikea.com/au/en/p/micke-desk-white-80354281/
Australia,Tables,,179,https://www.ikea.com/au/en/images/products/micke-desk-white__0736020_pe740347_s5.jpg?f=xxs,https://www.ikea.com/au/en/p/micke-desk-white-40354278/
Australia,Tables,,199,https://www.ikea.com/au/en/images/products/utespelare-gaming-desk-black__0985179_pe816538_s5.jpg?f=xxs,https://www.ikea.com/au/en/p/utespelare-gaming-desk-black-40500350/
Australia,Tables,,168,https://www.ikea.com/au/en/images/products/lagkapten-alex-desk-white__0977483_pe813612_s5.jpg?f=xxs,https://www.ikea.com/au/en/p/lagkapten-alex-desk-white-s09416820/
Australia,Tables,,358,https://www.ikea.com/au/en/images/products/lagkapten-alex-desk-white-stained-oak-white__0976179_pe813072_s5.jpg?f=xxs,https://www.ikea.com/au/en/p/lagkapten-alex-desk-white-stained-oak-white-s29417654/
Australia,Tables,,95,https://www.ikea.com/au/en/images/products/lagkapten-table-top-white-stained-oak-effect__0977885_pe813907_s5.jpg?f=xxs,https://www.ikea.com/au/en/p/lagkapten-table-top-white-stained-oak-effect-50460834/
Australia,Beds,,549,https://www.ikea.com/au/en/images/products/tornviken-kitchen-island-off-white-oak__0609489_pe684551_s5.jpg?f=xxs,https://www.ikea.com/au/en/p/tornviken-kitchen-island-off-white-oak-30402246/
Australia,Beds,,10,https://www.ikea.com/au/en/images/products/vesken-trolley-white__0832009_pe777548_s5.jpg?f=xxs,https://www.ikea.com/au/en/p/vesken-trolley-white-50453881/
Australia,Beds,,35,https://www.ikea.com/au/en/images/products/nissafors-trolley-black__0672522_pe716744_s5.jpg?f=xxs,https://www.ikea.com/au/en/p/nissafors-trolley-black-60407365/
Australia,Beds,,30,https://www.ikea.com/au/en/images/products/raskog-trolley-white__1366921_pe957210_s5.jpg?f=xxs,https://www.ikea.com/au/en/p/raskog-trolley-white-40586792/
Australia,Beds,,879,https://www.ikea.com/au/en/images/products/vadholma-kitchen-island-black-oak__0736820_pe740762_s5.jpg?f=xxs,https://www.ikea.com/au/en/p/vadholma-kitchen-island-black-oak-80359189/
Australia,Beds,,45,https://www.ikea.com/au/en/images/products/raskog-trolley-white__1366882_pe957173_s5.jpg?f=xxs,https://www.ikea.com/au/en/p/raskog-trolley-white-20586788/
Australia,Beds,,279,https://www.ikea.com/au/en/images/products/bror-trolley-black-pine-plywood__0636685_pe697973_s5.jpg?f=xxs,https://www.ikea.com/au/en/p/bror-trolley-black-pine-plywood-40333851/
Australia,Beds,,35,https://www.ikea.com/au/en/images/products/nissafors-trolley-white__0914715_pe784257_s5.jpg?f=xxs,https://www.ikea.com/au/en/p/nissafors-trolley-white-90465735/
Australia,Beds,,30,https://www.ikea.com/au/en/images/products/raskog-trolley-grey-blue__1366913_pe957202_s5.jpg?f=xxs,https://www.ikea.com/au/en/p/raskog-trolley-grey-blue-10591771/
Australia,Beds,,45,https://www.ikea.com/au/en/images/products/raskog-trolley-grey-green__1365461_pe956340_s5.jpg?f=xxs,https://www.ikea.com/au/en/p/raskog-trolley-grey-green-30591666/
Australia,Beds,,30,https://www.ikea.com/au/en/images/products/raskog-trolley-grey-green__1366914_pe957203_s5.jpg?f=xxs,https://www.ikea.com/au/en/p/raskog-trolley-grey-green-70591768/
Australia,Beds,,449,https://www.ikea.com/au/en/images/products/tornviken-kitchen-island-off-white-oak__0736819_pe740765_s5.jpg?f=xxs,https://www.ikea.com/au/en/p/tornviken-kitchen-island-off-white-oak-50402274/
Australia,Storage,,299,https://www.ikea.com/au/en/images/products/dyvlinge-swivel-armchair-kelinge-green__1205904_pe907276_s5.jpg?f=xxs,https://www.ikea.com/au/en/p/dyvlinge-swivel-armchair-kelinge-green-70570836/
Australia,Storage,,549,https://www.ikea.com/au/en/images/products/kivik-1-seat-sofa-bed-tibbleby-beige-grey__1130878_pe877951_s5.jpg?f=xxs,https://www.ikea.com/au/en/p/kivik-1-seat-sofa-bed-tibbleby-beige-grey-s19470232/
Australia,Storage,,99,https://www.ikea.com/au/en/images/products/poaeng-armchair-birch-veneer-knisa-light-beige__0571500_pe666933_s5.jpg?f=xxs,https://www.ikea.com/au/en/p/poaeng-armchair-birch-veneer-knisa-light-beige-s19240788/
Australia,Storage,,299,https://www.ikea.com/au/en/images/products/dyvlinge-swivel-armchair-kelinge-black__1205899_pe907271_s5.jpg?f=xxs,https://www.ikea.com/au/en/p/dyvlinge-swivel-armchair-kelinge-black-20570829/
Australia,Storage,"Previous price: $349
$ 349",299,https://www.ikea.com/au/en/images/products/ekenaeset-armchair-kilanda-light-beige__1109687_pe870153_s5.jpg?f=xxs,https://www.ikea.com/au/en/p/ekenaeset-armchair-kilanda-light-beige-70533491/
Australia,Storage,,299,https://www.ikea.com/au/en/images/products/strandmon-wing-chair-nordvalla-dark-grey__0325432_pe517964_s5.jpg?f=xxs,https://www.ikea.com/au/en/p/strandmon-wing-chair-nordvalla-dark-grey-30359827/
Australia,Storage,,99,https://www.ikea.com/au/en/images/products/skalboda-armchair-orange__1180835_pe896475_s5.jpg?f=xxs,https://www.ikea.com/au/en/p/skalboda-armchair-orange-30561966/
Australia,Storage,,599,https://www.ikea.com/au/en/images/products/kivik-1-seat-sofa-bed-kelinge-grey-turquoise__1130881_pe877955_s5.jpg?f=xxs,https://www.ikea.com/au/en/p/kivik-1-seat-sofa-bed-kelinge-grey-turquoise-s39470226/
Australia,Storage,,349,https://www.ikea.com/au/en/images/products/sotenaes-armchair-hakebo-yellow__1262234_pe926999_s5.jpg?f=xxs,https://www.ikea.com/au/en/p/sotenaes-armchair-hakebo-yellow-30570819/
Australia,Storage,,149,https://www.ikea.com/au/en/images/products/oennestad-armchair-radbyn-white-green__1280206_pe931693_s5.jpg?f=xxs,https://www.ikea.com/au/en/p/oennestad-armchair-radbyn-white-green-s29554472/
Australia,Storage,,649,https://www.ikea.com/au/en/images/products/kivik-1-seat-sofa-bed-tresund-light-beige__1130885_pe877959_s5.jpg?f=xxs,https://www.ikea.com/au/en/p/kivik-1-seat-sofa-bed-tresund-light-beige-s89470238/
Australia,Storage,,179,https://www.ikea.com/au/en/images/products/ikea-ps-loemsk-swivel-armchair-white-red__0726690_pe735385_s5.jpg?f=xxs,https://www.ikea.com/au/en/p/ikea-ps-loemsk-swivel-armchair-white-red-90407137/
Australia,Lighting,,99,https://www.ikea.com/au/en/images/products/kallax-shelving-unit-white__0644757_pe702939_s5.jpg?f=xxs,https://www.ikea.com/au/en/p/kallax-shelving-unit-white-20351884/
Australia,Lighting,,229,https://www.ikea.com/au/en/images/products/malm-chest-of-6-drawers-white__0484884_pe621348_s5.jpg?f=xxs,https://www.ikea.com/au/en/p/malm-chest-of-6-drawers-white-70354644/
Australia,Lighting,,297,https://www.ikea.com/au/en/images/products/lagkapten-alex-desk-white__1022432_pe832720_s5.jpg?f=xxs,https://www.ikea.com/au/en/p/lagkapten-alex-desk-white-s79431983/
Australia,Lighting,,129,https://www.ikea.com/au/en/images/products/alex-drawer-unit-white__0977775_pe813763_s5.jpg?f=xxs,https://www.ikea.com/au/en/p/alex-drawer-unit-white-40473549/
Australia,Lighting,,159,https://www.ikea.com/au/en/images/products/lack-wall-shelf-unit-white__0246565_pe385541_s5.jpg?f=xxs,https://www.ikea.com/au/en/p/lack-wall-shelf-unit-white-40282187/
Australia,Lighting,,119,https://www.ikea.com/au/en/images/products/billy-bookcase-white__0625599_pe692385_s5.jpg?f=xxs,https://www.ikea.com/au/en/p/billy-bookcase-white-00522047/
Australia,Lighting,"Previous price: $799
$ 799",699,https://www.ikea.com/au/en/images/products/friheten-corner-sofa-bed-with-storage-skiftebo-dark-grey__0175610_pe328883_s5.jpg?f=xxs,https://www.ikea.com/au/en/p/friheten-corner-sofa-bed-with-storage-skiftebo-dark-grey-s09216755/
Australia,Lighting,,119,https://www.ikea.com/au/en/images/products/micke-desk-white__0736018_pe740345_s5.jpg?f=xxs,https://www.ikea.com/au/en/p/micke-desk-white-80354276/
Australia,Lighting,,149,https://www.ikea.com/au/en/images/products/malm-chest-of-4-drawers-white__0484879_pe621344_s5.jpg?f=xxs,https://www.ikea.com/au/en/p/malm-chest-of-4-drawers-white-20354646/
Australia,Lighting,"10% of Select Bed Frames for IKEA Family members
Offer valid until 3 Mar. 2025
Exclusive IKEA Family offer",384,https://www.ikea.com/au/en/images/products/malm-bed-frame-high-w-2-storage-boxes-white-luroey__1154393_pe886042_s5.jpg?f=xxs,https://www.ikea.com/au/en/p/malm-bed-frame-high-w-2-storage-boxes-white-luroey-s39175975/
Australia,Lighting,,199,https://www.ikea.com/au/en/images/products/malm-dressing-table-white__1400013_pe968487_s5.jpg?f=xxs,https://www.ikea.com/au/en/p/malm-dressing-table-white-40355409/
Australia,Lighting,,199,https://www.ikea.com/au/en/images/products/malm-chest-of-6-drawers-white__0484891_pe621335_s5.jpg?f=xxs,https://www.ikea.com/au/en/p/malm-chest-of-6-drawers-white-40354645/
